Handle,SKU,Product Title,Vendor,Source File,Bing Image Search URL,Image Src
zetlight-zn1050-led,ZETLN1050,Zetlight ZN1050 LED 3-in-1,Zetlight,AquaCube_01_Lighting_CO2_SHOPIFY_COLLECTIONS.csv,https://www.bing.com/images/search?q=Zetlight+ZN1050+LED+3-in-1,
zetlight-e3-24w-freshwater-plant,ZETE324WPLANT,Zetlight E3 24W Freshwater Plant,Zetlight,AquaCube_01_Lighting_CO2_SHOPIFY_COLLECTIONS.csv,https://www.bing.com/images/search?q=Zetlight+E3+24W+Freshwater+Plant,
zetlight-e3-24w-marine,ZETE324WMARINE,Zetlight E3 24W Marine,Zetlight,AquaCube_01_Lighting_CO2_SHOPIFY_COLLECTIONS.csv,https://www.bing.com/images/search?q=Zetlight+E3+24W+Marine,
zetlight-za1201ai-marine,ZETZA1201AI,Zetlight ZA1201AI Marine,Zetlight,AquaCube_01_Lighting_CO2_SHOPIFY_COLLECTIONS.csv,https://www.bing.com/images/search?q=Zetlight+ZA1201AI+Marine,
zetlight-o2-freshwater-hanging,ZETO2FRESHWATER,Zetlight O2 Freshwater Hanging Kits,Zetlight,AquaCube_01_Lighting_CO2_SHOPIFY_COLLECTIONS.csv,https://www.bing.com/images/search?q=Zetlight+O2+Freshwater+Hanging+Kits,
zetlight-ufo-f8-pro-algae,ZETUFO8PRO,Zetlight UFO F8 PRO Algae Bursting,Zetlight,AquaCube_01_Lighting_CO2_SHOPIFY_COLLECTIONS.csv,https://www.bing.com/images/search?q=Zetlight+UFO+F8+PRO+Algae+Bursting,
zetlight-x9-66w-marine-rgb,ZETX966WMARINE,Zetlight X9 66W Marine RGB,Zetlight,AquaCube_01_Lighting_CO2_SHOPIFY_COLLECTIONS.csv,https://www.bing.com/images/search?q=Zetlight+X9+66W+Marine+RGB,
zetlight-x9-pro-96w-marine-rgb,ZETX9PRO96W,Zetlight X9 PRO 96W Marine RGB,Zetlight,AquaCube_01_Lighting_CO2_SHOPIFY_COLLECTIONS.csv,https://www.bing.com/images/search?q=Zetlight+X9+PRO+96W+Marine+RGB,
zetlight-qmaven-ii-q6-90,ZETQMAVEN90,Zetlight Qmaven II Q6-90 Marine,Zetlight,AquaCube_01_Lighting_CO2_SHOPIFY_COLLECTIONS.csv,https://www.bing.com/images/search?q=Zetlight+Qmaven+II+Q6-90+Marine,
zetlight-qmaven-ii-q6-120,ZETQMAVEN120,Zetlight Qmaven II Q6-120 Marine,Zetlight,AquaCube_01_Lighting_CO2_SHOPIFY_COLLECTIONS.csv,https://www.bing.com/images/search?q=Zetlight+Qmaven+II+Q6-120+Marine,
chihiros-aii-301-30cm-bluetooth,CHIAII301,Chihiros AII 301 30cm Bluetooth,Chihiros,AquaCube_01_Lighting_CO2_SHOPIFY_COLLECTIONS.csv,https://www.bing.com/images/search?q=Chihiros+AII+301+30cm+Bluetooth,
chihiros-aii-361-36cm-bluetooth,CHIAII361,Chihiros AII 361 36cm Bluetooth,Chihiros,AquaCube_01_Lighting_CO2_SHOPIFY_COLLECTIONS.csv,https://www.bing.com/images/search?q=Chihiros+AII+361+36cm+Bluetooth,
chihiros-aii-451-45cm-bluetooth,CHIAII451,Chihiros AII 451 45cm Bluetooth,Chihiros,AquaCube_01_Lighting_CO2_SHOPIFY_COLLECTIONS.csv,https://www.bing.com/images/search?q=Chihiros+AII+451+45cm+Bluetooth,
chihiros-aii-601-60cm-bluetooth,CHIAII601,Chihiros AII 601 60cm Bluetooth,Chihiros,AquaCube_01_Lighting_CO2_SHOPIFY_COLLECTIONS.csv,https://www.bing.com/images/search?q=Chihiros+AII+601+60cm+Bluetooth,
chihiros-aii-801-80cm-bluetooth,CHIAII801,Chihiros AII 801 80cm Bluetooth,Chihiros,AquaCube_01_Lighting_CO2_SHOPIFY_COLLECTIONS.csv,https://www.bing.com/images/search?q=Chihiros+AII+801+80cm+Bluetooth,
chihiros-aii-901-90cm-bluetooth,CHIAII901,Chihiros AII 901 90cm Bluetooth,Chihiros,AquaCube_01_Lighting_CO2_SHOPIFY_COLLECTIONS.csv,https://www.bing.com/images/search?q=Chihiros+AII+901+90cm+Bluetooth,
chihiros-aii-1201-120cm-bluetooth,CHIAII1201,Chihiros AII 1201 120cm Bluetooth,Chihiros,AquaCube_01_Lighting_CO2_SHOPIFY_COLLECTIONS.csv,https://www.bing.com/images/search?q=Chihiros+AII+1201+120cm+Bluetooth,
chihiros-wrgb-ii-slim-30-plant,CHIWRGB2S30,Chihiros WRGB II SLIM 30 Plant,Chihiros,AquaCube_01_Lighting_CO2_SHOPIFY_COLLECTIONS.csv,https://www.bing.com/images/search?q=Chihiros+WRGB+II+SLIM+30+Plant,
chihiros-wrgb-ii-slim-45-plant,CHIWRGB2S45,Chihiros WRGB II SLIM 45 Plant,Chihiros,AquaCube_01_Lighting_CO2_SHOPIFY_COLLECTIONS.csv,https://www.bing.com/images/search?q=Chihiros+WRGB+II+SLIM+45+Plant,
chihiros-wrgb-ii-slim-60-plant,CHIWRGB2S60,Chihiros WRGB II SLIM 60 Plant,Chihiros,AquaCube_01_Lighting_CO2_SHOPIFY_COLLECTIONS.csv,https://www.bing.com/images/search?q=Chihiros+WRGB+II+SLIM+60+Plant,
chihiros-wrgb-ii-slim-90-plant,CHIWRGB2S90,Chihiros WRGB II SLIM 90 Plant,Chihiros,AquaCube_01_Lighting_CO2_SHOPIFY_COLLECTIONS.csv,https://www.bing.com/images/search?q=Chihiros+WRGB+II+SLIM+90+Plant,
chihiros-wrgb-ii-slim-120-plant,CHIWRGB2S120,Chihiros WRGB II SLIM 120 Plant,Chihiros,AquaCube_01_Lighting_CO2_SHOPIFY_COLLECTIONS.csv,https://www.bing.com/images/search?q=Chihiros+WRGB+II+SLIM+120+Plant,
chihiros-cii-rgb-plant,CHICII,Chihiros CII RGB Plant,Chihiros,AquaCube_01_Lighting_CO2_SHOPIFY_COLLECTIONS.csv,https://www.bing.com/images/search?q=Chihiros+CII+RGB+Plant,
chihiros-z-light-tiny-6w-led,CHIZLIGHT,Chihiros Z Light Tiny 6W LED,Chihiros,AquaCube_01_Lighting_CO2_SHOPIFY_COLLECTIONS.csv,https://www.bing.com/images/search?q=Chihiros+Z+Light+Tiny+6W+LED,
chihiros-rgb-vivid-mini-75w-plant,CHIRGBVIVID,Chihiros RGB VIVID MINI 75W Plant,Chihiros,AquaCube_01_Lighting_CO2_SHOPIFY_COLLECTIONS.csv,https://www.bing.com/images/search?q=Chihiros+RGB+VIVID+MINI+75W+Plant,
chihiros-rgb-vivid-ii-10th-edition-130w,CHIRGBVIVID2,Chihiros RGB VIVID II 10th Edition 130W,Chihiros,AquaCube_01_Lighting_CO2_SHOPIFY_COLLECTIONS.csv,https://www.bing.com/images/search?q=Chihiros+RGB+VIVID+II+10th+Edition+130W,
chihiros-wrgb-vivid3-black-180w,CHIWRGBVIVID3,Chihiros WRGB VIVID3 BLACK 180W,Chihiros,AquaCube_01_Lighting_CO2_SHOPIFY_COLLECTIONS.csv,https://www.bing.com/images/search?q=Chihiros+WRGB+VIVID3+BLACK+180W,
chihiros-wrgb2-pro-60-74w-plant,CHIWRGB2P60,Chihiros WRGB2 PRO 60 74W Plant,Chihiros,AquaCube_01_Lighting_CO2_SHOPIFY_COLLECTIONS.csv,https://www.bing.com/images/search?q=Chihiros+WRGB2+PRO+60+74W+Plant,
chihiros-wrgb2-pro-90-110w-plant,CHIWRGB2P90,Chihiros WRGB2 PRO 90 110W Plant,Chihiros,AquaCube_01_Lighting_CO2_SHOPIFY_COLLECTIONS.csv,https://www.bing.com/images/search?q=Chihiros+WRGB2+PRO+90+110W+Plant,
chihiros-wrgb2-pro-120-138w-plant,CHIWRGB2P120,Chihiros WRGB2 PRO 120 138W Plant,Chihiros,AquaCube_01_Lighting_CO2_SHOPIFY_COLLECTIONS.csv,https://www.bing.com/images/search?q=Chihiros+WRGB2+PRO+120+138W+Plant,
aquapro-n-series-co2-regulator,AQUAPRON2REG,Aquapro N Series CO2 Regulator,Aquapro,AquaCube_01_Lighting_CO2_SHOPIFY_COLLECTIONS.csv,https://www.bing.com/images/search?q=Aquapro+N+Series+CO2+Regulator,
chihiros-tiny-co2-diffuser,CHITINYCO2,Chihiros Tiny CO2 Diffuser,Chihiros,AquaCube_01_Lighting_CO2_SHOPIFY_COLLECTIONS.csv,https://www.bing.com/images/search?q=Chihiros+Tiny+CO2+Diffuser,
chihiros-co2-regulator,CHICO2REG,Chihiros CO2 Regulator,Chihiros,AquaCube_01_Lighting_CO2_SHOPIFY_COLLECTIONS.csv,https://www.bing.com/images/search?q=Chihiros+CO2+Regulator,
chihiros-co2-regulator-pro,CHICO2REGPRO,Chihiros CO2 Regulator PRO,Chihiros,AquaCube_01_Lighting_CO2_SHOPIFY_COLLECTIONS.csv,https://www.bing.com/images/search?q=Chihiros+CO2+Regulator+PRO,
chihiros-co2-manifold-block,CHIMANIFOLDB,Chihiros CO2 Manifold Block,Chihiros,AquaCube_01_Lighting_CO2_SHOPIFY_COLLECTIONS.csv,https://www.bing.com/images/search?q=Chihiros+CO2+Manifold+Block,
chihiros-co2-generator-kit-25l,CHICO2GENKIT,Chihiros CO2 Generator Kit 2.5L,Chihiros,AquaCube_01_Lighting_CO2_SHOPIFY_COLLECTIONS.csv,https://www.bing.com/images/search?q=Chihiros+CO2+Generator+Kit+2.5L,
sobo-pd1-dc-usb-pump-200lh,SOBOPD1,Sobo PD1 DC USB Pump 200L/H,Sobo,AquaCube_02_Pumps_Flow_SHOPIFY_COLLECTIONS.csv,https://www.bing.com/images/search?q=Sobo+PD1+DC+USB+Pump+200L%2FH,
sobo-wp3200-submersible-300lh,SOBOWP3200,Sobo WP3200 Submersible 300L/H,Sobo,AquaCube_02_Pumps_Flow_SHOPIFY_COLLECTIONS.csv,https://www.bing.com/images/search?q=Sobo+WP3200+Submersible+300L%2FH,
sobo-wp3300-submersible-600lh,SOBOWP3300,Sobo WP3300 Submersible 600L/H,Sobo,AquaCube_02_Pumps_Flow_SHOPIFY_COLLECTIONS.csv,https://www.bing.com/images/search?q=Sobo+WP3300+Submersible+600L%2FH,
sobo-wp3400-submersible-880lh,SOBOWP3400,Sobo WP3400 Submersible 880L/H,Sobo,AquaCube_02_Pumps_Flow_SHOPIFY_COLLECTIONS.csv,https://www.bing.com/images/search?q=Sobo+WP3400+Submersible+880L%2FH,
sobo-wp3500-submersible-1200lh,SOBOWP3500,Sobo WP3500 Submersible 1200L/H,Sobo,AquaCube_02_Pumps_Flow_SHOPIFY_COLLECTIONS.csv,https://www.bing.com/images/search?q=Sobo+WP3500+Submersible+1200L%2FH,
sobo-wp4000-submersible-2000lh,SOBOWP4000,Sobo WP4000 Submersible 2000L/H,Sobo,AquaCube_02_Pumps_Flow_SHOPIFY_COLLECTIONS.csv,https://www.bing.com/images/search?q=Sobo+WP4000+Submersible+2000L%2FH,
sobo-wp5000-submersible-3000lh,SOBOWP5000,Sobo WP5000 Submersible 3000L/H,Sobo,AquaCube_02_Pumps_Flow_SHOPIFY_COLLECTIONS.csv,https://www.bing.com/images/search?q=Sobo+WP5000+Submersible+3000L%2FH,
sobo-wp6000-submersible-4000lh,SOBOWP6000,Sobo WP6000 Submersible 4000L/H,Sobo,AquaCube_02_Pumps_Flow_SHOPIFY_COLLECTIONS.csv,https://www.bing.com/images/search?q=Sobo+WP6000+Submersible+4000L%2FH,
sobo-wp7000-submersible-5000lh,SOBOWP7000,Sobo WP7000 Submersible 5000L/H,Sobo,AquaCube_02_Pumps_Flow_SHOPIFY_COLLECTIONS.csv,https://www.bing.com/images/search?q=Sobo+WP7000+Submersible+5000L%2FH,
sobo-wp8000-submersible-6000lh,SOBOWP8000,Sobo WP8000 Submersible 6000L/H,Sobo,AquaCube_02_Pumps_Flow_SHOPIFY_COLLECTIONS.csv,https://www.bing.com/images/search?q=Sobo+WP8000+Submersible+6000L%2FH,
sobo-bo9000a-amphibious-9000lh,SOBOBO9000A,Sobo BO9000A Amphibious 9000L/H,Sobo,AquaCube_02_Pumps_Flow_SHOPIFY_COLLECTIONS.csv,https://www.bing.com/images/search?q=Sobo+BO9000A+Amphibious+9000L%2FH,
sobo-bo12000a-amphibious-12000lh,SOBOBO12000A,Sobo BO12000A Amphibious 12000L/H,Sobo,AquaCube_02_Pumps_Flow_SHOPIFY_COLLECTIONS.csv,https://www.bing.com/images/search?q=Sobo+BO12000A+Amphibious+12000L%2FH,
sobo-bo14000a-amphibious-14000lh,SOBOBO14000A,Sobo BO14000A Amphibious 14000L/H,Sobo,AquaCube_02_Pumps_Flow_SHOPIFY_COLLECTIONS.csv,https://www.bing.com/images/search?q=Sobo+BO14000A+Amphibious+14000L%2FH,
sobo-bo16000a-amphibious-16000lh,SOBOBO16000A,Sobo BO16000A Amphibious 16000L/H,Sobo,AquaCube_02_Pumps_Flow_SHOPIFY_COLLECTIONS.csv,https://www.bing.com/images/search?q=Sobo+BO16000A+Amphibious+16000L%2FH,
sobo-wp2200-water-pump-2000lh,SOBOWP2200,Sobo WP2200 Water Pump 2000L/H,Sobo,AquaCube_02_Pumps_Flow_SHOPIFY_COLLECTIONS.csv,https://www.bing.com/images/search?q=Sobo+WP2200+Water+Pump+2000L%2FH,
sobo-wp4200-water-pump-3000lh,SOBOWP4200,Sobo WP4200 Water Pump 3000L/H,Sobo,AquaCube_02_Pumps_Flow_SHOPIFY_COLLECTIONS.csv,https://www.bing.com/images/search?q=Sobo+WP4200+Water+Pump+3000L%2FH,
sobo-wp5200-water-pump-3500lh,SOBOWP5200,Sobo WP5200 Water Pump 3500L/H,Sobo,AquaCube_02_Pumps_Flow_SHOPIFY_COLLECTIONS.csv,https://www.bing.com/images/search?q=Sobo+WP5200+Water+Pump+3500L%2FH,
sobo-wp7200-water-pump-5500lh,SOBOWP7200,Sobo WP7200 Water Pump 5500L/H,Sobo,AquaCube_02_Pumps_Flow_SHOPIFY_COLLECTIONS.csv,https://www.bing.com/images/search?q=Sobo+WP7200+Water+Pump+5500L%2FH,
sobo-wp9200-submersible-2400lh,SOBOWP9200,Sobo WP9200 Submersible 2400L/H,Sobo,AquaCube_02_Pumps_Flow_SHOPIFY_COLLECTIONS.csv,https://www.bing.com/images/search?q=Sobo+WP9200+Submersible+2400L%2FH,
sobo-wp9600-submersible-3200lh,SOBOWP9600,Sobo WP9600 Submersible 3200L/H,Sobo,AquaCube_02_Pumps_Flow_SHOPIFY_COLLECTIONS.csv,https://www.bing.com/images/search?q=Sobo+WP9600+Submersible+3200L%2FH,
sobo-wp9900-submersible-5000lh,SOBOWP9900,Sobo WP9900 Submersible 5000L/H,Sobo,AquaCube_02_Pumps_Flow_SHOPIFY_COLLECTIONS.csv,https://www.bing.com/images/search?q=Sobo+WP9900+Submersible+5000L%2FH,
sobo-wp10800-submersible-8000lh,SOBOWP10800,Sobo WP10800 Submersible 8000L/H,Sobo,AquaCube_02_Pumps_Flow_SHOPIFY_COLLECTIONS.csv,https://www.bing.com/images/search?q=Sobo+WP10800+Submersible+8000L%2FH,
sobo-sf1500-dc-amphibious-1800lh,SOBOSF1500DC,Sobo SF1500 DC Amphibious 1800L/H,Sobo,AquaCube_02_Pumps_Flow_SHOPIFY_COLLECTIONS.csv,https://www.bing.com/images/search?q=Sobo+SF1500+DC+Amphibious+1800L%2FH,
sobo-sf2000-dc-amphibious-2000lh,SOBOSF2000DC,Sobo SF2000 DC Amphibious 2000L/H,Sobo,AquaCube_02_Pumps_Flow_SHOPIFY_COLLECTIONS.csv,https://www.bing.com/images/search?q=Sobo+SF2000+DC+Amphibious+2000L%2FH,
sobo-sf3000-dc-amphibious-3000lh,SOBOSF3000DC,Sobo SF3000 DC Amphibious 3000L/H,Sobo,AquaCube_02_Pumps_Flow_SHOPIFY_COLLECTIONS.csv,https://www.bing.com/images/search?q=Sobo+SF3000+DC+Amphibious+3000L%2FH,
sobo-sf4000-dc-amphibious-4000lh,SOBOSF4000DC,Sobo SF4000 DC Amphibious 4000L/H,Sobo,AquaCube_02_Pumps_Flow_SHOPIFY_COLLECTIONS.csv,https://www.bing.com/images/search?q=Sobo+SF4000+DC+Amphibious+4000L%2FH,
sobo-sf5000-dc-amphibious-5000lh,SOBOSF5000DC,Sobo SF5000 DC Amphibious 5000L/H,Sobo,AquaCube_02_Pumps_Flow_SHOPIFY_COLLECTIONS.csv,https://www.bing.com/images/search?q=Sobo+SF5000+DC+Amphibious+5000L%2FH,
sobo-sf6000-dc-amphibious-6000lh,SOBOSF6000DC,Sobo SF6000 DC Amphibious 6000L/H,Sobo,AquaCube_02_Pumps_Flow_SHOPIFY_COLLECTIONS.csv,https://www.bing.com/images/search?q=Sobo+SF6000+DC+Amphibious+6000L%2FH,
sobo-sf8000-dc-amphibious-8000lh,SOBOSF8000DC,Sobo SF8000 DC Amphibious 8000L/H,Sobo,AquaCube_02_Pumps_Flow_SHOPIFY_COLLECTIONS.csv,https://www.bing.com/images/search?q=Sobo+SF8000+DC+Amphibious+8000L%2FH,
sobo-sf10000-dc-amphibious-10000lh,SOBOSF10000DC,Sobo SF10000 DC Amphibious 10000L/H,Sobo,AquaCube_02_Pumps_Flow_SHOPIFY_COLLECTIONS.csv,https://www.bing.com/images/search?q=Sobo+SF10000+DC+Amphibious+10000L%2FH,
sobo-sf12000-dc-amphibious-12000lh,SOBOSF12000DC,Sobo SF12000 DC Amphibious 12000L/H,Sobo,AquaCube_02_Pumps_Flow_SHOPIFY_COLLECTIONS.csv,https://www.bing.com/images/search?q=Sobo+SF12000+DC+Amphibious+12000L%2FH,
sobo-wp50m-wavemaker-1000lh,SOBOWP50M,Sobo WP50M Wavemaker 1000L/H,Sobo,AquaCube_02_Pumps_Flow_SHOPIFY_COLLECTIONS.csv,https://www.bing.com/images/search?q=Sobo+WP50M+Wavemaker+1000L%2FH,
sobo-wp100m-wavemaker-3000lh,SOBOWP100M,Sobo WP100M Wavemaker 3000L/H,Sobo,AquaCube_02_Pumps_Flow_SHOPIFY_COLLECTIONS.csv,https://www.bing.com/images/search?q=Sobo+WP100M+Wavemaker+3000L%2FH,
sobo-wp200m-wavemaker-5000lh,SOBOWP200M,Sobo WP200M Wavemaker 5000L/H,Sobo,AquaCube_02_Pumps_Flow_SHOPIFY_COLLECTIONS.csv,https://www.bing.com/images/search?q=Sobo+WP200M+Wavemaker+5000L%2FH,
sobo-wp300m-wavemaker-7500lh,SOBOWP300M,Sobo WP300M Wavemaker 7500L/H,Sobo,AquaCube_02_Pumps_Flow_SHOPIFY_COLLECTIONS.csv,https://www.bing.com/images/search?q=Sobo+WP300M+Wavemaker+7500L%2FH,
sobo-wp400m-wavemaker-10000lh,SOBOWP400M,Sobo WP400M Wavemaker 10000L/H,Sobo,AquaCube_02_Pumps_Flow_SHOPIFY_COLLECTIONS.csv,https://www.bing.com/images/search?q=Sobo+WP400M+Wavemaker+10000L%2FH,
sobo-wp800m-wavemaker-20000lh,SOBOWP800M,Sobo WP800M Wavemaker 20000L/H,Sobo,AquaCube_02_Pumps_Flow_SHOPIFY_COLLECTIONS.csv,https://www.bing.com/images/search?q=Sobo+WP800M+Wavemaker+20000L%2FH,
bubble-magus-rock-wp600-680lh,BMROCKWP600,Bubble Magus Rock WP600 680L/H,BubbleMagus,AquaCube_02_Pumps_Flow_SHOPIFY_COLLECTIONS.csv,https://www.bing.com/images/search?q=BubbleMagus+Bubble+Magus+Rock+WP600+680L%2FH,
bubble-magus-rock-wp1000-1100lh,BMROCKWP1000,Bubble Magus Rock WP1000 1100L/H,BubbleMagus,AquaCube_02_Pumps_Flow_SHOPIFY_COLLECTIONS.csv,https://www.bing.com/images/search?q=BubbleMagus+Bubble+Magus+Rock+WP1000+1100L%2FH,
bubble-magus-rock-wp2000-2100lh,BMROCKWP2000,Bubble Magus Rock WP2000 2100L/H,BubbleMagus,AquaCube_02_Pumps_Flow_SHOPIFY_COLLECTIONS.csv,https://www.bing.com/images/search?q=BubbleMagus+Bubble+Magus+Rock+WP2000+2100L%2FH,
bubble-magus-rock-wp4000-4100lh,BMROCKWP4000,Bubble Magus Rock WP4000 4100L/H,BubbleMagus,AquaCube_02_Pumps_Flow_SHOPIFY_COLLECTIONS.csv,https://www.bing.com/images/search?q=BubbleMagus+Bubble+Magus+Rock+WP4000+4100L%2FH,
bubble-magus-sp600-skimmer-pump,BMSP600,Bubble Magus SP600 Skimmer Pump,BubbleMagus,AquaCube_02_Pumps_Flow_SHOPIFY_COLLECTIONS.csv,https://www.bing.com/images/search?q=BubbleMagus+Bubble+Magus+SP600+Skimmer+Pump,
bubble-magus-sp1000-skimmer-pump,BMSP1000,Bubble Magus SP1000 Skimmer Pump,BubbleMagus,AquaCube_02_Pumps_Flow_SHOPIFY_COLLECTIONS.csv,https://www.bing.com/images/search?q=BubbleMagus+Bubble+Magus+SP1000+Skimmer+Pump,
bubble-magus-sp1500-skimmer-pump,BMSP1500,Bubble Magus SP1500 Skimmer Pump,BubbleMagus,AquaCube_02_Pumps_Flow_SHOPIFY_COLLECTIONS.csv,https://www.bing.com/images/search?q=BubbleMagus+Bubble+Magus+SP1500+Skimmer+Pump,
bubble-magus-sp2000-skimmer-pump,BMSP2000,Bubble Magus SP2000 Skimmer Pump,BubbleMagus,AquaCube_02_Pumps_Flow_SHOPIFY_COLLECTIONS.csv,https://www.bing.com/images/search?q=BubbleMagus+Bubble+Magus+SP2000+Skimmer+Pump,
bubble-magus-sp4000-skimmer-pump,BMSP4000,Bubble Magus SP4000 Skimmer Pump,BubbleMagus,AquaCube_02_Pumps_Flow_SHOPIFY_COLLECTIONS.csv,https://www.bing.com/images/search?q=BubbleMagus+Bubble+Magus+SP4000+Skimmer+Pump,
bubble-magus-dsp4000-skimmer-pump,BMDSP4000,Bubble Magus DSP4000 Skimmer Pump,BubbleMagus,AquaCube_02_Pumps_Flow_SHOPIFY_COLLECTIONS.csv,https://www.bing.com/images/search?q=BubbleMagus+Bubble+Magus+DSP4000+Skimmer+Pump,
bubble-magus-sp6000-skimmer-pump,BMSP6000,Bubble Magus SP6000 Skimmer Pump,BubbleMagus,AquaCube_02_Pumps_Flow_SHOPIFY_COLLECTIONS.csv,https://www.bing.com/images/search?q=BubbleMagus+Bubble+Magus+SP6000+Skimmer+Pump,
bubble-magus-sp8000-skimmer-pump,BMSP8000,Bubble Magus SP8000 Skimmer Pump,BubbleMagus,AquaCube_02_Pumps_Flow_SHOPIFY_COLLECTIONS.csv,https://www.bing.com/images/search?q=BubbleMagus+Bubble+Magus+SP8000+Skimmer+Pump,
bubble-magus-sp10000-skimmer-pump,BMSP10000,Bubble Magus SP10000 Skimmer Pump,BubbleMagus,AquaCube_02_Pumps_Flow_SHOPIFY_COLLECTIONS.csv,https://www.bing.com/images/search?q=BubbleMagus+Bubble+Magus+SP10000+Skimmer+Pump,
jebao-mow3-smart-wavemaker-3000lh,JEBMOW3,Jebao MOW3 Smart Wavemaker 3000L/H,Jebao,AquaCube_02_Pumps_Flow_SHOPIFY_COLLECTIONS.csv,https://www.bing.com/images/search?q=Jebao+MOW3+Smart+Wavemaker+3000L%2FH,
jebao-mow5-smart-wavemaker-5000lh,JEBMOW5,Jebao MOW5 Smart Wavemaker 5000L/H,Jebao,AquaCube_02_Pumps_Flow_SHOPIFY_COLLECTIONS.csv,https://www.bing.com/images/search?q=Jebao+MOW5+Smart+Wavemaker+5000L%2FH,
jebao-mow9-smart-wavemaker-9000lh,JEBMOW9,Jebao MOW9 Smart Wavemaker 9000L/H,Jebao,AquaCube_02_Pumps_Flow_SHOPIFY_COLLECTIONS.csv,https://www.bing.com/images/search?q=Jebao+MOW9+Smart+Wavemaker+9000L%2FH,
jebao-mow16-smart-wavemaker-16000lh,JEBMOW16,Jebao MOW16 Smart Wavemaker 16000L/H,Jebao,AquaCube_02_Pumps_Flow_SHOPIFY_COLLECTIONS.csv,https://www.bing.com/images/search?q=Jebao+MOW16+Smart+Wavemaker+16000L%2FH,
jebao-mow22-smart-wavemaker-22000lh,JEBMOW22,Jebao MOW22 Smart Wavemaker 22000L/H,Jebao,AquaCube_02_Pumps_Flow_SHOPIFY_COLLECTIONS.csv,https://www.bing.com/images/search?q=Jebao+MOW22+Smart+Wavemaker+22000L%2FH,
xy168-biochemical-sponge-filter,XYBIOCHEM168,XY168 Biochemical Sponge Filter,SYAquarium,AquaCube_03_Filtration_Accessories_SHOPIFY_COLLECTIONS.csv,https://www.bing.com/images/search?q=SYAquarium+XY168+Biochemical+Sponge+Filter,
xy2820-biosponge-filter-medium,XYBIOSPONG2820,XY2820 BioSponge Filter Medium,SYAquarium,AquaCube_03_Filtration_Accessories_SHOPIFY_COLLECTIONS.csv,https://www.bing.com/images/search?q=SYAquarium+XY2820+BioSponge+Filter+Medium,
xy2830-biosponge-filter-large,XYBIOSPONG2830,XY2830 BioSponge Filter Large,SYAquarium,AquaCube_03_Filtration_Accessories_SHOPIFY_COLLECTIONS.csv,https://www.bing.com/images/search?q=SYAquarium+XY2830+BioSponge+Filter+Large,
xy2831-biosponge-filter-xl,XYBIOSPONG2831,XY2831 BioSponge Filter XL,SYAquarium,AquaCube_03_Filtration_Accessories_SHOPIFY_COLLECTIONS.csv,https://www.bing.com/images/search?q=SYAquarium+XY2831+BioSponge+Filter+XL,
xy2822-biosponge-filter-xxl,XYBIOSPONG2822,XY2822 BioSponge Filter XXL,SYAquarium,AquaCube_03_Filtration_Accessories_SHOPIFY_COLLECTIONS.csv,https://www.bing.com/images/search?q=SYAquarium+XY2822+BioSponge+Filter+XXL,
xy2011-biological-corner-foam-filter,XYBIOFOAM2011,XY2011 Biological Corner Foam Filter,SYAquarium,AquaCube_03_Filtration_Accessories_SHOPIFY_COLLECTIONS.csv,https://www.bing.com/images/search?q=SYAquarium+XY2011+Biological+Corner+Foam+Filter,
xy2008-biological-corner-foam-filter-medium,XYBIOFOAM2008,XY2008 Biological Corner Foam Filter,SYAquarium,AquaCube_03_Filtration_Accessories_SHOPIFY_COLLECTIONS.csv,https://www.bing.com/images/search?q=SYAquarium+XY2008+Biological+Corner+Foam+Filter,
xy2010-biological-corner-foam-filter-large,XYBIOFOAM2010,XY2010 Biological Corner Foam Filter,SYAquarium,AquaCube_03_Filtration_Accessories_SHOPIFY_COLLECTIONS.csv,https://www.bing.com/images/search?q=SYAquarium+XY2010+Biological+Corner+Foam+Filter,
xy0121-nitrite-nitrate-removing-sponge,XYNITRITE0121,XY0121 Nitrite Nitrate Removing Filter Sponge,SYAquarium,AquaCube_03_Filtration_Accessories_SHOPIFY_COLLECTIONS.csv,https://www.bing.com/images/search?q=SYAquarium+XY0121+Nitrite+Nitrate+Removing+Filter+Sponge,
xy0122-phosphate-removing-sponge,XYPHOSPHATE0122,XY0122 Phosphate Removing Filter Sponge,SYAquarium,AquaCube_03_Filtration_Accessories_SHOPIFY_COLLECTIONS.csv,https://www.bing.com/images/search?q=SYAquarium+XY0122+Phosphate+Removing+Filter+Sponge,
xy0123-ammonia-removing-sponge,XYAMMONIA0123,XY0123 Ammonia Removing Filter Sponge,SYAquarium,AquaCube_03_Filtration_Accessories_SHOPIFY_COLLECTIONS.csv,https://www.bing.com/images/search?q=SYAquarium+XY0123+Ammonia+Removing+Filter+Sponge,
xy0124-super-activated-carbon-sponge,XYCARBON0124,XY0124 Super Activated Carbon Sponge,SYAquarium,AquaCube_03_Filtration_Accessories_SHOPIFY_COLLECTIONS.csv,https://www.bing.com/images/search?q=SYAquarium+XY0124+Super+Activated+Carbon+Sponge,
xy0125-nitrite-nitrate-removing-large-sponge,XYNITRITE0125,XY0125 Nitrite Nitrate Removing Large Sponge,SYAquarium,AquaCube_03_Filtration_Accessories_SHOPIFY_COLLECTIONS.csv,https://www.bing.com/images/search?q=SYAquarium+XY0125+Nitrite+Nitrate+Removing+Large+Sponge,
xy0126-phosphate-removing-large-sponge,XYPHOSPHATE0126,XY0126 Phosphate Removing Large Sponge,SYAquarium,AquaCube_03_Filtration_Accessories_SHOPIFY_COLLECTIONS.csv,https://www.bing.com/images/search?q=SYAquarium+XY0126+Phosphate+Removing+Large+Sponge,
xy0127-nitrite-nitrate-large-sponge,XYNITRITE0127,XY0127 Nitrite Nitrate Large Sponge,SYAquarium,AquaCube_03_Filtration_Accessories_SHOPIFY_COLLECTIONS.csv,https://www.bing.com/images/search?q=SYAquarium+XY0127+Nitrite+Nitrate+Large+Sponge,
xy0128-phosphate-removing-large-sponge-2,XYPHOSPHATE0128,XY0128 Phosphate Removing Large Sponge,SYAquarium,AquaCube_03_Filtration_Accessories_SHOPIFY_COLLECTIONS.csv,https://www.bing.com/images/search?q=SYAquarium+XY0128+Phosphate+Removing+Large+Sponge,
external-cycle-breeder-box-small,XYBREEDERBOX,External Cycle Breeder Box Small,SYAquarium,AquaCube_03_Filtration_Accessories_SHOPIFY_COLLECTIONS.csv,https://www.bing.com/images/search?q=SYAquarium+External+Cycle+Breeder+Box+Small,
external-cycle-breeder-box-large,XYBREEDBXL,External Cycle Breeder Box Large,SYAquarium,AquaCube_03_Filtration_Accessories_SHOPIFY_COLLECTIONS.csv,https://www.bing.com/images/search?q=SYAquarium+External+Cycle+Breeder+Box+Large,
an2-aquarium-fish-breeding-box,ANBREEDER2,AN2 Aquarium Fish Breeding Box,SYAquarium,AquaCube_03_Filtration_Accessories_SHOPIFY_COLLECTIONS.csv,https://www.bing.com/images/search?q=SYAquarium+AN2+Aquarium+Fish+Breeding+Box,
bbt2s-betta-single-bow-fish-tank,BBTBETTA2S,BBT2S Betta Single Bow Fish Tank,SYAquarium,AquaCube_03_Filtration_Accessories_SHOPIFY_COLLECTIONS.csv,https://www.bing.com/images/search?q=SYAquarium+BBT2S+Betta+Single+Bow+Fish+Tank,
bbt3s-betta-double-bow-fish-tank,BBTBETTA3S,BBT3S Betta Double Bow Fish Tank,SYAquarium,AquaCube_03_Filtration_Accessories_SHOPIFY_COLLECTIONS.csv,https://www.bing.com/images/search?q=SYAquarium+BBT3S+Betta+Double+Bow+Fish+Tank,
bbt4s-betta-triple-bow-fish-tank,BBTBETTA4S,BBT4S Betta Triple Bow Fish Tank,SYAquarium,AquaCube_03_Filtration_Accessories_SHOPIFY_COLLECTIONS.csv,https://www.bing.com/images/search?q=SYAquarium+BBT4S+Betta+Triple+Bow+Fish+Tank,
bubble-wall-air-stone-7-inch,BUBBLEWALL7,Bubble Wall Air Stone 7 inch,SYAquarium,AquaCube_03_Filtration_Accessories_SHOPIFY_COLLECTIONS.csv,https://www.bing.com/images/search?q=SYAquarium+Bubble+Wall+Air+Stone+7+inch,
bubble-wall-air-stone-10-inch,BUBBLEWALL10,Bubble Wall Air Stone 10 inch,SYAquarium,AquaCube_03_Filtration_Accessories_SHOPIFY_COLLECTIONS.csv,https://www.bing.com/images/search?q=SYAquarium+Bubble+Wall+Air+Stone+10+inch,
bubble-wall-air-stone-14-inch,BUBBLEWALL14,Bubble Wall Air Stone 14 inch,SYAquarium,AquaCube_03_Filtration_Accessories_SHOPIFY_COLLECTIONS.csv,https://www.bing.com/images/search?q=SYAquarium+Bubble+Wall+Air+Stone+14+inch,
bubble-wall-air-stone-18-inch,BUBBLEWALL18,Bubble Wall Air Stone 18 inch,SYAquarium,AquaCube_03_Filtration_Accessories_SHOPIFY_COLLECTIONS.csv,https://www.bing.com/images/search?q=SYAquarium+Bubble+Wall+Air+Stone+18+inch,
bubble-wall-air-stone-23-inch,BUBBLEWALL23,Bubble Wall Air Stone 23 inch,SYAquarium,AquaCube_03_Filtration_Accessories_SHOPIFY_COLLECTIONS.csv,https://www.bing.com/images/search?q=SYAquarium+Bubble+Wall+Air+Stone+23+inch,
venys-undergravel-filter-20,VENYUGF20,Venys Undergravel Filter 20,SYAquarium,AquaCube_03_Filtration_Accessories_SHOPIFY_COLLECTIONS.csv,https://www.bing.com/images/search?q=SYAquarium+Venys+Undergravel+Filter+20,
venys-undergravel-filter-29,VENYUGF29,Venys Undergravel Filter 29,SYAquarium,AquaCube_03_Filtration_Accessories_SHOPIFY_COLLECTIONS.csv,https://www.bing.com/images/search?q=SYAquarium+Venys+Undergravel+Filter+29,
venys-undergravel-filter-30,VENYUGF30,Venys Undergravel Filter 30,SYAquarium,AquaCube_03_Filtration_Accessories_SHOPIFY_COLLECTIONS.csv,https://www.bing.com/images/search?q=SYAquarium+Venys+Undergravel+Filter+30,
venys-undergravel-filter-55,VENYUGF55,Venys Undergravel Filter 55,SYAquarium,AquaCube_03_Filtration_Accessories_SHOPIFY_COLLECTIONS.csv,https://www.bing.com/images/search?q=SYAquarium+Venys+Undergravel+Filter+55,
filter-media-net-bag-15x20cm,FILTERMEDIA15,Filter Media Net Bag 15x20cm,SYAquarium,AquaCube_03_Filtration_Accessories_SHOPIFY_COLLECTIONS.csv,https://www.bing.com/images/search?q=SYAquarium+Filter+Media+Net+Bag+15x20cm,
filter-media-net-bag-28x32cm,FILTERMEDIA28,Filter Media Net Bag 28x32cm,SYAquarium,AquaCube_03_Filtration_Accessories_SHOPIFY_COLLECTIONS.csv,https://www.bing.com/images/search?q=SYAquarium+Filter+Media+Net+Bag+28x32cm,
far-infrared-ceramic-tube-single,CERAMTUBE,Far-infrared Ceramic Tube Single,SYAquarium,AquaCube_03_Filtration_Accessories_SHOPIFY_COLLECTIONS.csv,https://www.bing.com/images/search?q=SYAquarium+Far-infrared+Ceramic+Tube+Single,
far-infrared-ceramic-tube-box-154pcs,CERAMTUBEBOX,Far-infrared Ceramic Tube Box 154pcs,SYAquarium,AquaCube_03_Filtration_Accessories_SHOPIFY_COLLECTIONS.csv,https://www.bing.com/images/search?q=SYAquarium+Far-infrared+Ceramic+Tube+Box+154pcs,
abs-clips-glass-lid-6mm-4pcs,ABSCLIP6MM,ABS Clips Glass Lid 6mm 4pcs,SYAquarium,AquaCube_03_Filtration_Accessories_SHOPIFY_COLLECTIONS.csv,https://www.bing.com/images/search?q=SYAquarium+ABS+Clips+Glass+Lid+6mm+4pcs,
abs-clips-glass-lid-8mm-4pcs,ABSCLIP8MM,ABS Clips Glass Lid 8mm 4pcs,SYAquarium,AquaCube_03_Filtration_Accessories_SHOPIFY_COLLECTIONS.csv,https://www.bing.com/images/search?q=SYAquarium+ABS+Clips+Glass+Lid+8mm+4pcs,
brine-shrimp-hatch-kit,BRIESHRIMP,Brine Shrimp Hatch Kit,SYAquarium,AquaCube_03_Filtration_Accessories_SHOPIFY_COLLECTIONS.csv,https://www.bing.com/images/search?q=SYAquarium+Brine+Shrimp+Hatch+Kit,
londa-10l-koi-feeder,LONDA10L,Londa 10L Koi Feeder,SYAquarium,AquaCube_03_Filtration_Accessories_SHOPIFY_COLLECTIONS.csv,https://www.bing.com/images/search?q=SYAquarium+Londa+10L+Koi+Feeder,
solar-auto-pond-feeder,SOLARFEEDER,Solar Auto Pond Feeder,SYAquarium,AquaCube_03_Filtration_Accessories_SHOPIFY_COLLECTIONS.csv,https://www.bing.com/images/search?q=SYAquarium+Solar+Auto+Pond+Feeder,
telescopic-aquarium-cleaning-kit-5-in-1,TELESCOPICCL,Telescopic Aquarium Cleaning Kit 5 in 1,SYAquarium,AquaCube_03_Filtration_Accessories_SHOPIFY_COLLECTIONS.csv,https://www.bing.com/images/search?q=SYAquarium+Telescopic+Aquarium+Cleaning+Kit+5+in+1,
battery-operated-aquarium-vacuum-cleaner,BATTERYVACU,Battery Operated Aquarium Vacuum Cleaner,SYAquarium,AquaCube_03_Filtration_Accessories_SHOPIFY_COLLECTIONS.csv,https://www.bing.com/images/search?q=SYAquarium+Battery+Operated+Aquarium+Vacuum+Cleaner,
digital-aquarium-thermometer,DIGITHERM,Digital Aquarium Thermometer,SYAquarium,AquaCube_03_Filtration_Accessories_SHOPIFY_COLLECTIONS.csv,https://www.bing.com/images/search?q=SYAquarium+Digital+Aquarium+Thermometer,
led-thermometer-strip,LEDTHERM,LED Thermometer Strip,SYAquarium,AquaCube_03_Filtration_Accessories_SHOPIFY_COLLECTIONS.csv,https://www.bing.com/images/search?q=SYAquarium+LED+Thermometer+Strip,
anti-overflow-filter-bag,ANTIFLBAG1,Anti Overflow Filter Bag,SYAquarium,AquaCube_03_Filtration_Accessories_SHOPIFY_COLLECTIONS.csv,https://www.bing.com/images/search?q=SYAquarium+Anti+Overflow+Filter+Bag,
anti-overflow-honeycomb-filter-bag,ANTIFLBAG2,Anti Overflow Honeycomb Filter Bag,SYAquarium,AquaCube_03_Filtration_Accessories_SHOPIFY_COLLECTIONS.csv,https://www.bing.com/images/search?q=SYAquarium+Anti+Overflow+Honeycomb+Filter+Bag,
carbon-sponge-50x50x4cm,CARBONSPONGE,Carbon Sponge 50x50x4cm,SYAquarium,AquaCube_03_Filtration_Accessories_SHOPIFY_COLLECTIONS.csv,https://www.bing.com/images/search?q=SYAquarium+Carbon+Sponge+50x50x4cm,
live-marcgravia-umbellata-plant,LIVEPLANT001,Live Marcgravia Umbellata Plant,Aquatic,AquaCube_03_Filtration_Accessories_SHOPIFY_COLLECTIONS.csv,https://www.bing.com/images/search?q=Aquatic+Live+Marcgravia+Umbellata+Plant,
live-sphagnum-moss,LIVEPLANT002,Live Sphagnum Moss,Aquatic,AquaCube_03_Filtration_Accessories_SHOPIFY_COLLECTIONS.csv,https://www.bing.com/images/search?q=Aquatic+Live+Sphagnum+Moss,
live-premium-cushion-moss,LIVEPLANT003,Live Premium Cushion Moss,Aquatic,AquaCube_03_Filtration_Accessories_SHOPIFY_COLLECTIONS.csv,https://www.bing.com/images/search?q=Aquatic+Live+Premium+Cushion+Moss,
live-racomitrium-moss,LIVEPLANT004,Live Racomitrium Moss,Aquatic,AquaCube_03_Filtration_Accessories_SHOPIFY_COLLECTIONS.csv,https://www.bing.com/images/search?q=Aquatic+Live+Racomitrium+Moss,
live-hypnum-moss,LIVEPLANT005,Live Hypnum Moss,Aquatic,AquaCube_03_Filtration_Accessories_SHOPIFY_COLLECTIONS.csv,https://www.bing.com/images/search?q=Aquatic+Live+Hypnum+Moss,
live-racopilum-cuspidigerum-plant,LIVEPLANT006,Live Racopilum Cuspidigerum Plant,Aquatic,AquaCube_03_Filtration_Accessories_SHOPIFY_COLLECTIONS.csv,https://www.bing.com/images/search?q=Aquatic+Live+Racopilum+Cuspidigerum+Plant,
langa-soil-8l-bag,LANGAS8L,Langa Soil 8L Bag,Aquatic,AquaCube_03_Filtration_Accessories_SHOPIFY_COLLECTIONS.csv,https://www.bing.com/images/search?q=Aquatic+Langa+Soil+8L+Bag,
langa-soil-8l-x3-box,LANGAS8LX3,Langa Soil 8L x3 Box,Aquatic,AquaCube_03_Filtration_Accessories_SHOPIFY_COLLECTIONS.csv,https://www.bing.com/images/search?q=Aquatic+Langa+Soil+8L+x3+Box,
langa-soil-4l-bag,LANGAS4L,Langa Soil 4L Bag,Aquatic,AquaCube_03_Filtration_Accessories_SHOPIFY_COLLECTIONS.csv,https://www.bing.com/images/search?q=Aquatic+Langa+Soil+4L+Bag,
langa-soil-4l-x6-box,LANGAS4LX6,Langa Soil 4L x6 Box,Aquatic,AquaCube_03_Filtration_Accessories_SHOPIFY_COLLECTIONS.csv,https://www.bing.com/images/search?q=Aquatic+Langa+Soil+4L+x6+Box,
langa-soil-supplement-120g,LANGASUP,Langa Soil Supplement 120g,Aquatic,AquaCube_03_Filtration_Accessories_SHOPIFY_COLLECTIONS.csv,https://www.bing.com/images/search?q=Aquatic+Langa+Soil+Supplement+120g,
glass-150x150x250-5mm-glass-tank,GLASS150X150X250,150x150x250 5mm Glass Tank,Aquatic,AquaCube_03_Filtration_Accessories_SHOPIFY_COLLECTIONS.csv,https://www.bing.com/images/search?q=Aquatic+150x150x250+5mm+Glass+Tank,
glass-150x150x300-5mm-glass-tank,GLASS150X150X300,150x150x300 5mm Glass Tank,Aquatic,AquaCube_03_Filtration_Accessories_SHOPIFY_COLLECTIONS.csv,https://www.bing.com/images/search?q=Aquatic+150x150x300+5mm+Glass+Tank,
glass-200x200x200-5mm-glass-tank,GLASS200X200X200,200x200x200 5mm Glass Tank,Aquatic,AquaCube_03_Filtration_Accessories_SHOPIFY_COLLECTIONS.csv,https://www.bing.com/images/search?q=Aquatic+200x200x200+5mm+Glass+Tank,
glass-200x200x300-5mm-glass-tank,GLASS200X200X300,200x200x300 5mm Glass Tank,Aquatic,AquaCube_03_Filtration_Accessories_SHOPIFY_COLLECTIONS.csv,https://www.bing.com/images/search?q=Aquatic+200x200x300+5mm+Glass+Tank,
glass-200x200x350-5mm-glass-tank,GLASS200X200X350,200x200x350 5mm Glass Tank,Aquatic,AquaCube_03_Filtration_Accessories_SHOPIFY_COLLECTIONS.csv,https://www.bing.com/images/search?q=Aquatic+200x200x350+5mm+Glass+Tank,
glass-300x180x120-5mm-glass-tank,GLASS300X180X120,300x180x120 5mm Glass Tank,Aquatic,AquaCube_03_Filtration_Accessories_SHOPIFY_COLLECTIONS.csv,https://www.bing.com/images/search?q=Aquatic+300x180x120+5mm+Glass+Tank,
glass-300x300x450-5mm-glass-tank,GLASS300X300X450,300x300x450 5mm Glass Tank,Aquatic,AquaCube_03_Filtration_Accessories_SHOPIFY_COLLECTIONS.csv,https://www.bing.com/images/search?q=Aquatic+300x300x450+5mm+Glass+Tank,
glass-900x450x450-10mm-ultra-clear-glass-tank,GLASS900X450X450,900x450x450 10mm Ultra Clear Glass Tank,Aquatic,AquaCube_03_Filtration_Accessories_SHOPIFY_COLLECTIONS.csv,https://www.bing.com/images/search?q=Aquatic+900x450x450+10mm+Ultra+Clear+Glass+Tank,
betta-bed-with-suction-cup-a,BETTABED001,Betta Bed with Suction Cup A,Aquatic,AquaCube_04_Decorations_Ornaments_SHOPIFY_COLLECTIONS.csv,https://www.bing.com/images/search?q=Aquatic+Betta+Bed+with+Suction+Cup+A,
betta-bed-with-suction-cup-b,BETTABED002,Betta Bed with Suction Cup B,Aquatic,AquaCube_04_Decorations_Ornaments_SHOPIFY_COLLECTIONS.csv,https://www.bing.com/images/search?q=Aquatic+Betta+Bed+with+Suction+Cup+B,
betta-bed-with-suction-cup-c,BETTABED003,Betta Bed with Suction Cup C,Aquatic,AquaCube_04_Decorations_Ornaments_SHOPIFY_COLLECTIONS.csv,https://www.bing.com/images/search?q=Aquatic+Betta+Bed+with+Suction+Cup+C,
betta-bed-with-clear-tube-d,BETTABED004,Betta Bed with Clear Tube D,Aquatic,AquaCube_04_Decorations_Ornaments_SHOPIFY_COLLECTIONS.csv,https://www.bing.com/images/search?q=Aquatic+Betta+Bed+with+Clear+Tube+D,
spongebob-pineapple-home-ornament,ORNAMENT004,SpongeBob Pineapple Home Ornament,Aquatic,AquaCube_04_Decorations_Ornaments_SHOPIFY_COLLECTIONS.csv,https://www.bing.com/images/search?q=Aquatic+SpongeBob+Pineapple+Home+Ornament,
spongebob-home-set-3pcs-ornament,ORNAMENT005,SpongeBob Home Set 3pcs Ornament,Aquatic,AquaCube_04_Decorations_Ornaments_SHOPIFY_COLLECTIONS.csv,https://www.bing.com/images/search?q=Aquatic+SpongeBob+Home+Set+3pcs+Ornament,
mermaid-and-pink-seahorse-ornament,ORNAMENT006,Mermaid and Pink Seahorse Ornament,Aquatic,AquaCube_04_Decorations_Ornaments_SHOPIFY_COLLECTIONS.csv,https://www.bing.com/images/search?q=Aquatic+Mermaid+and+Pink+Seahorse+Ornament,
mermaid-and-blue-seahorse-ornament,ORNAMENT007,Mermaid and Blue Seahorse Ornament,Aquatic,AquaCube_04_Decorations_Ornaments_SHOPIFY_COLLECTIONS.csv,https://www.bing.com/images/search?q=Aquatic+Mermaid+and+Blue+Seahorse+Ornament,
mermaid-ornament-15x12x6,ORNAMENT008,Mermaid Ornament 15x12x6,Aquatic,AquaCube_04_Decorations_Ornaments_SHOPIFY_COLLECTIONS.csv,https://www.bing.com/images/search?q=Aquatic+Mermaid+Ornament+15x12x6,
mermaid-ornament-14x15x6-large,ORNAMENT009,Mermaid Ornament 14x15x6 Large,Aquatic,AquaCube_04_Decorations_Ornaments_SHOPIFY_COLLECTIONS.csv,https://www.bing.com/images/search?q=Aquatic+Mermaid+Ornament+14x15x6+Large,
shipwreck-ornament,ORNAMENT010,Shipwreck Ornament,Aquatic,AquaCube_04_Decorations_Ornaments_SHOPIFY_COLLECTIONS.csv,https://www.bing.com/images/search?q=Aquatic+Shipwreck+Ornament,
old-submarine-ornament,ORNAMENT011,Old Submarine Ornament,Aquatic,AquaCube_04_Decorations_Ornaments_SHOPIFY_COLLECTIONS.csv,https://www.bing.com/images/search?q=Aquatic+Old+Submarine+Ornament,
ufo-ornament,ORNAMENT012,UFO Ornament,Aquatic,AquaCube_04_Decorations_Ornaments_SHOPIFY_COLLECTIONS.csv,https://www.bing.com/images/search?q=Aquatic+UFO+Ornament,
star-wars-walker-ornament-small,ORNAMENT013,Star Wars Walker Ornament Small,Aquatic,AquaCube_04_Decorations_Ornaments_SHOPIFY_COLLECTIONS.csv,https://www.bing.com/images/search?q=Aquatic+Star+Wars+Walker+Ornament+Small,
star-wars-walker-ornament-large,ORNAMENT014,Star Wars Walker Ornament Large,Aquatic,AquaCube_04_Decorations_Ornaments_SHOPIFY_COLLECTIONS.csv,https://www.bing.com/images/search?q=Aquatic+Star+Wars+Walker+Ornament+Large,
coast-guard-boat-shipwreck-ornament,ORNAMENT015,Coast Guard Boat Shipwreck Ornament,Aquatic,AquaCube_04_Decorations_Ornaments_SHOPIFY_COLLECTIONS.csv,https://www.bing.com/images/search?q=Aquatic+Coast+Guard+Boat+Shipwreck+Ornament,
vw-combi-ornament,ORNAMENT016,VW Combi Ornament,Aquatic,AquaCube_04_Decorations_Ornaments_SHOPIFY_COLLECTIONS.csv,https://www.bing.com/images/search?q=Aquatic+VW+Combi+Ornament,
sunken-ship-octopus-design-ornament,ORNAMENT017,Sunken Ship Octopus Design Ornament,Aquatic,AquaCube_04_Decorations_Ornaments_SHOPIFY_COLLECTIONS.csv,https://www.bing.com/images/search?q=Aquatic+Sunken+Ship+Octopus+Design+Ornament,
egyptian-sphinx-ornament,ORNAMENT018,Egyptian Sphinx Ornament,Aquatic,AquaCube_04_Decorations_Ornaments_SHOPIFY_COLLECTIONS.csv,https://www.bing.com/images/search?q=Aquatic+Egyptian+Sphinx+Ornament,
tree-man-ornament-12x11x23,ORNAMENT019,Tree Man Ornament 12x11x23,Aquatic,AquaCube_04_Decorations_Ornaments_SHOPIFY_COLLECTIONS.csv,https://www.bing.com/images/search?q=Aquatic+Tree+Man+Ornament+12x11x23,
tree-man-ornament-14x12x18-large,ORNAMENT020,Tree Man Ornament 14x12x18 Large,Aquatic,AquaCube_04_Decorations_Ornaments_SHOPIFY_COLLECTIONS.csv,https://www.bing.com/images/search?q=Aquatic+Tree+Man+Ornament+14x12x18+Large,
skull-arch-ornament,ORNAMENT021,Skull Arch Ornament,Aquatic,AquaCube_04_Decorations_Ornaments_SHOPIFY_COLLECTIONS.csv,https://www.bing.com/images/search?q=Aquatic+Skull+Arch+Ornament,
gargoyle-ornament,ORNAMENT022,Gargoyle Ornament,Aquatic,AquaCube_04_Decorations_Ornaments_SHOPIFY_COLLECTIONS.csv,https://www.bing.com/images/search?q=Aquatic+Gargoyle+Ornament,
mechanical-skeleton-ornament,ORNAMENT023,Mechanical Skeleton Ornament,Aquatic,AquaCube_04_Decorations_Ornaments_SHOPIFY_COLLECTIONS.csv,https://www.bing.com/images/search?q=Aquatic+Mechanical+Skeleton+Ornament,
mechanical-fish-ornament,ORNAMENT024,Mechanical Fish Ornament,Aquatic,AquaCube_04_Decorations_Ornaments_SHOPIFY_COLLECTIONS.csv,https://www.bing.com/images/search?q=Aquatic+Mechanical+Fish+Ornament,
baby-groot-ornament,ORNAMENT025,Baby Groot Ornament,Aquatic,AquaCube_04_Decorations_Ornaments_SHOPIFY_COLLECTIONS.csv,https://www.bing.com/images/search?q=Aquatic+Baby+Groot+Ornament,
groot-with-air-stone-ornament,ORNAMENT026,Groot with Air Stone Ornament,Aquatic,AquaCube_04_Decorations_Ornaments_SHOPIFY_COLLECTIONS.csv,https://www.bing.com/images/search?q=Aquatic+Groot+with+Air+Stone+Ornament,
popetpop-ornament,ORNAMENT027,Popetpop Ornament,Aquatic,AquaCube_04_Decorations_Ornaments_SHOPIFY_COLLECTIONS.csv,https://www.bing.com/images/search?q=Aquatic+Popetpop+Ornament,
general-ornament-7x10x12,ORNAMENT028,General Ornament 7x10x12,Aquatic,AquaCube_04_Decorations_Ornaments_SHOPIFY_COLLECTIONS.csv,https://www.bing.com/images/search?q=Aquatic+General+Ornament+7x10x12,
meditation-buddha-statue-ornament,ORNAMENT029,Meditation Buddha Statue Ornament,Aquatic,AquaCube_04_Decorations_Ornaments_SHOPIFY_COLLECTIONS.csv,https://www.bing.com/images/search?q=Aquatic+Meditation+Buddha+Statue+Ornament,
ancient-buddha-ornament,ORNAMENT030,Ancient Buddha Ornament,Aquatic,AquaCube_04_Decorations_Ornaments_SHOPIFY_COLLECTIONS.csv,https://www.bing.com/images/search?q=Aquatic+Ancient+Buddha+Ornament,
swim-school-shack-ornament,ORNAMENT031,Swim School Shack Ornament,Aquatic,AquaCube_04_Decorations_Ornaments_SHOPIFY_COLLECTIONS.csv,https://www.bing.com/images/search?q=Aquatic+Swim+School+Shack+Ornament,
deco-castle-ornament,ORNAMENT032,Deco Castle Ornament,Aquatic,AquaCube_04_Decorations_Ornaments_SHOPIFY_COLLECTIONS.csv,https://www.bing.com/images/search?q=Aquatic+Deco+Castle+Ornament,
magical-castle-pink-ornament,ORNAMENT033,Magical Castle Pink Ornament,Aquatic,AquaCube_04_Decorations_Ornaments_SHOPIFY_COLLECTIONS.csv,https://www.bing.com/images/search?q=Aquatic+Magical+Castle+Pink+Ornament,
magical-castle-brown-ornament,ORNAMENT034,Magical Castle Brown Ornament,Aquatic,AquaCube_04_Decorations_Ornaments_SHOPIFY_COLLECTIONS.csv,https://www.bing.com/images/search?q=Aquatic+Magical+Castle+Brown+Ornament,
mountain-level-steps-moss-ornament,ORNAMENT035,Mountain Level Steps Moss Ornament,Aquatic,AquaCube_04_Decorations_Ornaments_SHOPIFY_COLLECTIONS.csv,https://www.bing.com/images/search?q=Aquatic+Mountain+Level+Steps+Moss+Ornament,
dragon-layer-7pcs-set-ornament,ORNAMENT036,Dragon Layer 7pcs Set Ornament,Aquatic,AquaCube_04_Decorations_Ornaments_SHOPIFY_COLLECTIONS.csv,https://www.bing.com/images/search?q=Aquatic+Dragon+Layer+7pcs+Set+Ornament,
landscape-pavilion-tree-ornament,ORNAMENT037,Landscape Pavilion Tree Ornament,Aquatic,AquaCube_04_Decorations_Ornaments_SHOPIFY_COLLECTIONS.csv,https://www.bing.com/images/search?q=Aquatic+Landscape+Pavilion+Tree+Ornament,
lotus-pods-decoration,ORNAMENT001,Lotus Pods Decoration,Aquatic,AquaCube_05_Hardscape_Decorations_SHOPIFY_COLLECTIONS.csv,https://www.bing.com/images/search?q=Aquatic+Lotus+Pods+Decoration,
indian-almond-leaves-9-11pcs,ORNAMENT002,Indian Almond Leaves 9-11pcs,Aquatic,AquaCube_05_Hardscape_Decorations_SHOPIFY_COLLECTIONS.csv,https://www.bing.com/images/search?q=Aquatic+Indian+Almond+Leaves+9-11pcs,
lava-rock-plant-holder,ORNAMENT003,Lava Rock Plant Holder,Aquatic,AquaCube_05_Hardscape_Decorations_SHOPIFY_COLLECTIONS.csv,https://www.bing.com/images/search?q=Aquatic+Lava+Rock+Plant+Holder,
alveolate-rock-dragon-rock-25kg,ROCKDRAG25,Alveolate Rock Dragon Rock 25kg,Aquatic,AquaCube_05_Hardscape_Decorations_SHOPIFY_COLLECTIONS.csv,https://www.bing.com/images/search?q=Aquatic+Alveolate+Rock+Dragon+Rock+25kg,
scenery-aquarium-rock-20kg,ROCKSCEN20,Scenery Aquarium Rock 20kg,Aquatic,AquaCube_05_Hardscape_Decorations_SHOPIFY_COLLECTIONS.csv,https://www.bing.com/images/search?q=Aquatic+Scenery+Aquarium+Rock+20kg,
volcano-rock-black-20kg,ROCKVBLACK20,Volcano Rock Black 20kg,Aquatic,AquaCube_05_Hardscape_Decorations_SHOPIFY_COLLECTIONS.csv,https://www.bing.com/images/search?q=Aquatic+Volcano+Rock+Black+20kg,
volcano-rock-red-20kg,ROCKVRED20,Volcano Rock Red 20kg,Aquatic,AquaCube_05_Hardscape_Decorations_SHOPIFY_COLLECTIONS.csv,https://www.bing.com/images/search?q=Aquatic+Volcano+Rock+Red+20kg,
reef-rock-12kg,ROCKREEF12,Reef Rock 12kg,Aquatic,AquaCube_05_Hardscape_Decorations_SHOPIFY_COLLECTIONS.csv,https://www.bing.com/images/search?q=Aquatic+Reef+Rock+12kg,
dragon-rock-bottle-mix,DRAGONBOT,Dragon Rock Bottle Mix,Aquatic,AquaCube_05_Hardscape_Decorations_SHOPIFY_COLLECTIONS.csv,https://www.bing.com/images/search?q=Aquatic+Dragon+Rock+Bottle+Mix,
scenery-rock-bottle-mix,SCENERYBOT,Scenery Rock Bottle Mix,Aquatic,AquaCube_05_Hardscape_Decorations_SHOPIFY_COLLECTIONS.csv,https://www.bing.com/images/search?q=Aquatic+Scenery+Rock+Bottle+Mix,
mini-lava-rock-3-5mm,MINILAVA35,Mini Lava Rock 3-5mm,Aquatic,AquaCube_05_Hardscape_Decorations_SHOPIFY_COLLECTIONS.csv,https://www.bing.com/images/search?q=Aquatic+Mini+Lava+Rock+3-5mm,
mini-lava-rock-6-8mm,MINILAVA68,Mini Lava Rock 6-8mm,Aquatic,AquaCube_05_Hardscape_Decorations_SHOPIFY_COLLECTIONS.csv,https://www.bing.com/images/search?q=Aquatic+Mini+Lava+Rock+6-8mm,
mini-lava-rock-12-15mm,MINILAVA1215,Mini Lava Rock 12-15mm,Aquatic,AquaCube_05_Hardscape_Decorations_SHOPIFY_COLLECTIONS.csv,https://www.bing.com/images/search?q=Aquatic+Mini+Lava+Rock+12-15mm,
akadama-bonsai-soil-1-3mm-14l,AKADAMA14L,Akadama Bonsai Soil 1-3mm 14L,Aquatic,AquaCube_05_Hardscape_Decorations_SHOPIFY_COLLECTIONS.csv,https://www.bing.com/images/search?q=Aquatic+Akadama+Bonsai+Soil+1-3mm+14L,
christmas-tree-bonsai-driftwood,DRIFTWD001,Christmas Tree Bonsai Driftwood,Aquatic,AquaCube_05_Hardscape_Decorations_SHOPIFY_COLLECTIONS.csv,https://www.bing.com/images/search?q=Aquatic+Christmas+Tree+Bonsai+Driftwood,
dr0817b-s-wave-bonsai-driftwood,DRIFTWD002,DR0817B S Wave Bonsai Driftwood,Aquatic,AquaCube_05_Hardscape_Decorations_SHOPIFY_COLLECTIONS.csv,https://www.bing.com/images/search?q=Aquatic+DR0817B+S+Wave+Bonsai+Driftwood,
dr0817b-m-wave-bonsai-driftwood,DRIFTWD003,DR0817B M Wave Bonsai Driftwood,Aquatic,AquaCube_05_Hardscape_Decorations_SHOPIFY_COLLECTIONS.csv,https://www.bing.com/images/search?q=Aquatic+DR0817B+M+Wave+Bonsai+Driftwood,
dr0817b-l-wave-bonsai-driftwood,DRIFTWD004,DR0817B L Wave Bonsai Driftwood,Aquatic,AquaCube_05_Hardscape_Decorations_SHOPIFY_COLLECTIONS.csv,https://www.bing.com/images/search?q=Aquatic+DR0817B+L+Wave+Bonsai+Driftwood,
dr0817a-s-weeping-bonsai-driftwood,DRIFTWD005,DR0817A S Weeping Bonsai Driftwood,Aquatic,AquaCube_05_Hardscape_Decorations_SHOPIFY_COLLECTIONS.csv,https://www.bing.com/images/search?q=Aquatic+DR0817A+S+Weeping+Bonsai+Driftwood,
dr0817a-ms-weeping-bonsai-driftwood,DRIFTWD006,DR0817A MS Weeping Bonsai Driftwood,Aquatic,AquaCube_05_Hardscape_Decorations_SHOPIFY_COLLECTIONS.csv,https://www.bing.com/images/search?q=Aquatic+DR0817A+MS+Weeping+Bonsai+Driftwood,
dr0817-sss-bonsai-driftwood,DRIFTWD007,DR0817 SSS Bonsai Driftwood,Aquatic,AquaCube_05_Hardscape_Decorations_SHOPIFY_COLLECTIONS.csv,https://www.bing.com/images/search?q=Aquatic+DR0817+SSS+Bonsai+Driftwood,
dr0817-ss-bonsai-driftwood,DRIFTWD008,DR0817 SS Bonsai Driftwood,Aquatic,AquaCube_05_Hardscape_Decorations_SHOPIFY_COLLECTIONS.csv,https://www.bing.com/images/search?q=Aquatic+DR0817+SS+Bonsai+Driftwood,
dr0817-ms-bonsai-driftwood,DRIFTWD009,DR0817 MS Bonsai Driftwood,Aquatic,AquaCube_05_Hardscape_Decorations_SHOPIFY_COLLECTIONS.csv,https://www.bing.com/images/search?q=Aquatic+DR0817+MS+Bonsai+Driftwood,
dr0817-ml-bonsai-driftwood,DRIFTWD010,DR0817 ML Bonsai Driftwood,Aquatic,AquaCube_05_Hardscape_Decorations_SHOPIFY_COLLECTIONS.csv,https://www.bing.com/images/search?q=Aquatic+DR0817+ML+Bonsai+Driftwood,
bonsai-tree-driftwood-large,DRIFTWD011,Bonsai Tree Driftwood Large,Aquatic,AquaCube_05_Hardscape_Decorations_SHOPIFY_COLLECTIONS.csv,https://www.bing.com/images/search?q=Aquatic+Bonsai+Tree+Driftwood+Large,
spider-wood-20kg-bag,SPIDERWD20,Spider Wood 20kg Bag,Aquatic,AquaCube_05_Hardscape_Decorations_SHOPIFY_COLLECTIONS.csv,https://www.bing.com/images/search?q=Aquatic+Spider+Wood+20kg+Bag,
spider-wood-branches-15-30cm,SPIDERWDBRANCH,Spider Wood Branches 15-30cm,Aquatic,AquaCube_05_Hardscape_Decorations_SHOPIFY_COLLECTIONS.csv,https://www.bing.com/images/search?q=Aquatic+Spider+Wood+Branches+15-30cm,
cork-bark-origin-china-7-5kg,CORKBARK,Cork Bark Origin China 7.5kg,Aquatic,AquaCube_05_Hardscape_Decorations_SHOPIFY_COLLECTIONS.csv,https://www.bing.com/images/search?q=Aquatic+Cork+Bark+Origin+China+7.5kg,
cork-tubes-origin-portugal-12kg,CORKTUBE,Cork Tubes Origin Portugal 12kg,Aquatic,AquaCube_05_Hardscape_Decorations_SHOPIFY_COLLECTIONS.csv,https://www.bing.com/images/search?q=Aquatic+Cork+Tubes+Origin+Portugal+12kg,
glow-in-dark-rocks-50pcs,GLOWDARK50,Glow in Dark Rocks 50pcs,Aquatic,AquaCube_05_Hardscape_Decorations_SHOPIFY_COLLECTIONS.csv,https://www.bing.com/images/search?q=Aquatic+Glow+in+Dark+Rocks+50pcs,
bg-30cm-double-side-9019-9063,BG30DOUBLESIDE9019,30cm Double Side 9019/9063 Background,Aquatic,AquaCube_05_Hardscape_Decorations_SHOPIFY_COLLECTIONS.csv,https://www.bing.com/images/search?q=Aquatic+30cm+Double+Side+9019%2F9063+Background,
bg-40cm-double-side-9019-9063,BG40DOUBLESIDE9019,40cm Double Side 9019/9063 Background,Aquatic,AquaCube_05_Hardscape_Decorations_SHOPIFY_COLLECTIONS.csv,https://www.bing.com/images/search?q=Aquatic+40cm+Double+Side+9019%2F9063+Background,
bg-50cm-double-side-9019-9063,BG50DOUBLESIDE9019,50cm Double Side 9019/9063 Background,Aquatic,AquaCube_05_Hardscape_Decorations_SHOPIFY_COLLECTIONS.csv,https://www.bing.com/images/search?q=Aquatic+50cm+Double+Side+9019%2F9063+Background,
bg-60cm-double-side-9019-9063,BG60DOUBLESIDE9019,60cm Double Side 9019/9063 Background,Aquatic,AquaCube_05_Hardscape_Decorations_SHOPIFY_COLLECTIONS.csv,https://www.bing.com/images/search?q=Aquatic+60cm+Double+Side+9019%2F9063+Background,
bg-70cm-double-side-9019-9063,BG70DOUBLESIDE9019,70cm Double Side 9019/9063 Background,Aquatic,AquaCube_05_Hardscape_Decorations_SHOPIFY_COLLECTIONS.csv,https://www.bing.com/images/search?q=Aquatic+70cm+Double+Side+9019%2F9063+Background,
bg-80cm-double-side-9019-9063,BG80DOUBLESIDE9019,80cm Double Side 9019/9063 Background,Aquatic,AquaCube_05_Hardscape_Decorations_SHOPIFY_COLLECTIONS.csv,https://www.bing.com/images/search?q=Aquatic+80cm+Double+Side+9019%2F9063+Background,
bg-30cm-double-side-9037-9057,BG30DOUBLESIDE9037,30cm Double Side 9037/9057 Background,Aquatic,AquaCube_05_Hardscape_Decorations_SHOPIFY_COLLECTIONS.csv,https://www.bing.com/images/search?q=Aquatic+30cm+Double+Side+9037%2F9057+Background,
bg-40cm-double-side-9037-9057,BG40DOUBLESIDE9037,40cm Double Side 9037/9057 Background,Aquatic,AquaCube_05_Hardscape_Decorations_SHOPIFY_COLLECTIONS.csv,https://www.bing.com/images/search?q=Aquatic+40cm+Double+Side+9037%2F9057+Background,
bg-50cm-double-side-9037-9057,BG50DOUBLESIDE9037,50cm Double Side 9037/9057 Background,Aquatic,AquaCube_05_Hardscape_Decorations_SHOPIFY_COLLECTIONS.csv,https://www.bing.com/images/search?q=Aquatic+50cm+Double+Side+9037%2F9057+Background,
bg-60cm-double-side-9037-9057,BG60DOUBLESIDE9037,60cm Double Side 9037/9057 Background,Aquatic,AquaCube_05_Hardscape_Decorations_SHOPIFY_COLLECTIONS.csv,https://www.bing.com/images/search?q=Aquatic+60cm+Double+Side+9037%2F9057+Background,
bg-70cm-double-side-9037-9057,BG70DOUBLESIDE9037,70cm Double Side 9037/9057 Background,Aquatic,AquaCube_05_Hardscape_Decorations_SHOPIFY_COLLECTIONS.csv,https://www.bing.com/images/search?q=Aquatic+70cm+Double+Side+9037%2F9057+Background,
bg-80cm-double-side-9037-9057,BG80DOUBLESIDE9037,80cm Double Side 9037/9057 Background,Aquatic,AquaCube_05_Hardscape_Decorations_SHOPIFY_COLLECTIONS.csv,https://www.bing.com/images/search?q=Aquatic+80cm+Double+Side+9037%2F9057+Background,
bg-30cm-double-side-9086-9087,BG30DOUBLESIDE9086,30cm Double Side 9086/9087 Background,Aquatic,AquaCube_05_Hardscape_Decorations_SHOPIFY_COLLECTIONS.csv,https://www.bing.com/images/search?q=Aquatic+30cm+Double+Side+9086%2F9087+Background,
bg-40cm-double-side-9086-9087,BG40DOUBLESIDE9086,40cm Double Side 9086/9087 Background,Aquatic,AquaCube_05_Hardscape_Decorations_SHOPIFY_COLLECTIONS.csv,https://www.bing.com/images/search?q=Aquatic+40cm+Double+Side+9086%2F9087+Background,
bg-50cm-double-side-9086-9087,BG50DOUBLESIDE9086,50cm Double Side 9086/9087 Background,Aquatic,AquaCube_05_Hardscape_Decorations_SHOPIFY_COLLECTIONS.csv,https://www.bing.com/images/search?q=Aquatic+50cm+Double+Side+9086%2F9087+Background,
bg-60cm-double-side-9086-9087,BG60DOUBLESIDE9086,60cm Double Side 9086/9087 Background,Aquatic,AquaCube_05_Hardscape_Decorations_SHOPIFY_COLLECTIONS.csv,https://www.bing.com/images/search?q=Aquatic+60cm+Double+Side+9086%2F9087+Background,
bg-70cm-double-side-9086-9087,BG70DOUBLESIDE9086,70cm Double Side 9086/9087 Background,Aquatic,AquaCube_05_Hardscape_Decorations_SHOPIFY_COLLECTIONS.csv,https://www.bing.com/images/search?q=Aquatic+70cm+Double+Side+9086%2F9087+Background,
bg-80cm-double-side-9086-9087,BG80DOUBLESIDE9086,80cm Double Side 9086/9087 Background,Aquatic,AquaCube_05_Hardscape_Decorations_SHOPIFY_COLLECTIONS.csv,https://www.bing.com/images/search?q=Aquatic+80cm+Double+Side+9086%2F9087+Background,
bg-30cm-double-side-9094-9095,BG30DOUBLESIDE9094,30cm Double Side 9094/9095 Background,Aquatic,AquaCube_05_Hardscape_Decorations_SHOPIFY_COLLECTIONS.csv,https://www.bing.com/images/search?q=Aquatic+30cm+Double+Side+9094%2F9095+Background,
bg-40cm-double-side-9094-9095,BG40DOUBLESIDE9094,40cm Double Side 9094/9095 Background,Aquatic,AquaCube_05_Hardscape_Decorations_SHOPIFY_COLLECTIONS.csv,https://www.bing.com/images/search?q=Aquatic+40cm+Double+Side+9094%2F9095+Background,
bg-50cm-double-side-9094-9095,BG50DOUBLESIDE9094,50cm Double Side 9094/9095 Background,Aquatic,AquaCube_05_Hardscape_Decorations_SHOPIFY_COLLECTIONS.csv,https://www.bing.com/images/search?q=Aquatic+50cm+Double+Side+9094%2F9095+Background,
bg-60cm-double-side-9094-9095,BG60DOUBLESIDE9094,60cm Double Side 9094/9095 Background,Aquatic,AquaCube_05_Hardscape_Decorations_SHOPIFY_COLLECTIONS.csv,https://www.bing.com/images/search?q=Aquatic+60cm+Double+Side+9094%2F9095+Background,
bg-70cm-double-side-9094-9095,BG70DOUBLESIDE9094,70cm Double Side 9094/9095 Background,Aquatic,AquaCube_05_Hardscape_Decorations_SHOPIFY_COLLECTIONS.csv,https://www.bing.com/images/search?q=Aquatic+70cm+Double+Side+9094%2F9095+Background,
bg-80cm-double-side-9094-9095,BG80DOUBLESIDE9094,80cm Double Side 9094/9095 Background,Aquatic,AquaCube_05_Hardscape_Decorations_SHOPIFY_COLLECTIONS.csv,https://www.bing.com/images/search?q=Aquatic+80cm+Double+Side+9094%2F9095+Background,
bg-30cm-double-side-9003-9028-white,BG30DOUBLESIDE9003,30cm Double Side 9003/9028 White Background,Aquatic,AquaCube_05_Hardscape_Decorations_SHOPIFY_COLLECTIONS.csv,https://www.bing.com/images/search?q=Aquatic+30cm+Double+Side+9003%2F9028+White+Background,
bg-40cm-double-side-9003-9028-white,BG40DOUBLESIDE9003,40cm Double Side 9003/9028 White Background,Aquatic,AquaCube_05_Hardscape_Decorations_SHOPIFY_COLLECTIONS.csv,https://www.bing.com/images/search?q=Aquatic+40cm+Double+Side+9003%2F9028+White+Background,
bg-50cm-double-side-9003-9028-white,BG50DOUBLESIDE9003,50cm Double Side 9003/9028 White Background,Aquatic,AquaCube_05_Hardscape_Decorations_SHOPIFY_COLLECTIONS.csv,https://www.bing.com/images/search?q=Aquatic+50cm+Double+Side+9003%2F9028+White+Background,
bg-60cm-double-side-9003-9028-white,BG60DOUBLESIDE9003,60cm Double Side 9003/9028 White Background,Aquatic,AquaCube_05_Hardscape_Decorations_SHOPIFY_COLLECTIONS.csv,https://www.bing.com/images/search?q=Aquatic+60cm+Double+Side+9003%2F9028+White+Background,
bg-70cm-double-side-9003-9028-white,BG70DOUBLESIDE9003,70cm Double Side 9003/9028 White Background,Aquatic,AquaCube_05_Hardscape_Decorations_SHOPIFY_COLLECTIONS.csv,https://www.bing.com/images/search?q=Aquatic+70cm+Double+Side+9003%2F9028+White+Background,
bg-80cm-double-side-9003-9028-white,BG80DOUBLESIDE9003,80cm Double Side 9003/9028 White Background,Aquatic,AquaCube_05_Hardscape_Decorations_SHOPIFY_COLLECTIONS.csv,https://www.bing.com/images/search?q=Aquatic+80cm+Double+Side+9003%2F9028+White+Background,
bg-30cm-double-side-9015-9017,BG30DOUBLESIDE9015,30cm Double Side 9015/9017 Background,Aquatic,AquaCube_05_Hardscape_Decorations_SHOPIFY_COLLECTIONS.csv,https://www.bing.com/images/search?q=Aquatic+30cm+Double+Side+9015%2F9017+Background,
bg-40cm-double-side-9015-9017,BG40DOUBLESIDE9015,40cm Double Side 9015/9017 Background,Aquatic,AquaCube_05_Hardscape_Decorations_SHOPIFY_COLLECTIONS.csv,https://www.bing.com/images/search?q=Aquatic+40cm+Double+Side+9015%2F9017+Background,
bg-50cm-double-side-9015-9017,BG50DOUBLESIDE9015,50cm Double Side 9015/9017 Background,Aquatic,AquaCube_05_Hardscape_Decorations_SHOPIFY_COLLECTIONS.csv,https://www.bing.com/images/search?q=Aquatic+50cm+Double+Side+9015%2F9017+Background,
bg-60cm-double-side-9015-9017,BG60DOUBLESIDE9015,60cm Double Side 9015/9017 Background,Aquatic,AquaCube_05_Hardscape_Decorations_SHOPIFY_COLLECTIONS.csv,https://www.bing.com/images/search?q=Aquatic+60cm+Double+Side+9015%2F9017+Background,
bg-70cm-double-side-9015-9017,BG70DOUBLESIDE9015,70cm Double Side 9015/9017 Background,Aquatic,AquaCube_05_Hardscape_Decorations_SHOPIFY_COLLECTIONS.csv,https://www.bing.com/images/search?q=Aquatic+70cm+Double+Side+9015%2F9017+Background,
bg-80cm-double-side-9015-9017,BG80DOUBLESIDE9015,80cm Double Side 9015/9017 Background,Aquatic,AquaCube_05_Hardscape_Decorations_SHOPIFY_COLLECTIONS.csv,https://www.bing.com/images/search?q=Aquatic+80cm+Double+Side+9015%2F9017+Background,
bg-30cm-double-side-8009-8010,BG30DOUBLESIDE8009,30cm Double Side 8009/8010 Background,Aquatic,AquaCube_05_Hardscape_Decorations_SHOPIFY_COLLECTIONS.csv,https://www.bing.com/images/search?q=Aquatic+30cm+Double+Side+8009%2F8010+Background,
bg-40cm-double-side-8009-8010,BG40DOUBLESIDE8009,40cm Double Side 8009/8010 Background,Aquatic,AquaCube_05_Hardscape_Decorations_SHOPIFY_COLLECTIONS.csv,https://www.bing.com/images/search?q=Aquatic+40cm+Double+Side+8009%2F8010+Background,
bg-50cm-double-side-8009-8010,BG50DOUBLESIDE8009,50cm Double Side 8009/8010 Background,Aquatic,AquaCube_05_Hardscape_Decorations_SHOPIFY_COLLECTIONS.csv,https://www.bing.com/images/search?q=Aquatic+50cm+Double+Side+8009%2F8010+Background,
bg-60cm-double-side-8009-8010,BG60DOUBLESIDE8009,60cm Double Side 8009/8010 Background,Aquatic,AquaCube_05_Hardscape_Decorations_SHOPIFY_COLLECTIONS.csv,https://www.bing.com/images/search?q=Aquatic+60cm+Double+Side+8009%2F8010+Background,
bg-70cm-double-side-8009-8010,BG70DOUBLESIDE8009,70cm Double Side 8009/8010 Background,Aquatic,AquaCube_05_Hardscape_Decorations_SHOPIFY_COLLECTIONS.csv,https://www.bing.com/images/search?q=Aquatic+70cm+Double+Side+8009%2F8010+Background,
bg-80cm-double-side-8009-8010,BG80DOUBLESIDE8009,80cm Double Side 8009/8010 Background,Aquatic,AquaCube_05_Hardscape_Decorations_SHOPIFY_COLLECTIONS.csv,https://www.bing.com/images/search?q=Aquatic+80cm+Double+Side+8009%2F8010+Background,
bg-30cm-double-side-8019-8020,BG30DOUBLESIDE8019,30cm Double Side 8019/8020 Background,Aquatic,AquaCube_05_Hardscape_Decorations_SHOPIFY_COLLECTIONS.csv,https://www.bing.com/images/search?q=Aquatic+30cm+Double+Side+8019%2F8020+Background,
bg-40cm-double-side-8019-8020,BG40DOUBLESIDE8019,40cm Double Side 8019/8020 Background,Aquatic,AquaCube_05_Hardscape_Decorations_SHOPIFY_COLLECTIONS.csv,https://www.bing.com/images/search?q=Aquatic+40cm+Double+Side+8019%2F8020+Background,
bg-50cm-double-side-8019-8020,BG50DOUBLESIDE8019,50cm Double Side 8019/8020 Background,Aquatic,AquaCube_05_Hardscape_Decorations_SHOPIFY_COLLECTIONS.csv,https://www.bing.com/images/search?q=Aquatic+50cm+Double+Side+8019%2F8020+Background,
bg-60cm-double-side-8019-8020,BG60DOUBLESIDE8019,60cm Double Side 8019/8020 Background,Aquatic,AquaCube_05_Hardscape_Decorations_SHOPIFY_COLLECTIONS.csv,https://www.bing.com/images/search?q=Aquatic+60cm+Double+Side+8019%2F8020+Background,
bg-70cm-double-side-8019-8020,BG70DOUBLESIDE8019,70cm Double Side 8019/8020 Background,Aquatic,AquaCube_05_Hardscape_Decorations_SHOPIFY_COLLECTIONS.csv,https://www.bing.com/images/search?q=Aquatic+70cm+Double+Side+8019%2F8020+Background,
bg-80cm-double-side-8019-8020,BG80DOUBLESIDE8019,80cm Double Side 8019/8020 Background,Aquatic,AquaCube_05_Hardscape_Decorations_SHOPIFY_COLLECTIONS.csv,https://www.bing.com/images/search?q=Aquatic+80cm+Double+Side+8019%2F8020+Background,
dr-tank-all-in-one-fertilizer-np-zero-250ml,DRTANKALL250,DR Tank All in One Fertilizer NP Zero 250ml,DRTank,AquaCube_06_DR_Tank_Fertilizers_SHOPIFY_COLLECTIONS.csv,https://www.bing.com/images/search?q=DRTank+DR+Tank+All+in+One+Fertilizer+NP+Zero+250ml,
dr-tank-complete-comprehensive-fertilizer-250ml,DRTANKCOMP250,DR Tank Complete Comprehensive Fertilizer 250ml,DRTank,AquaCube_06_DR_Tank_Fertilizers_SHOPIFY_COLLECTIONS.csv,https://www.bing.com/images/search?q=DRTank+DR+Tank+Complete+Comprehensive+Fertilizer+250ml,
dr-tank-e1-method-fast-growth-250ml,DRTANKE1,DR Tank E1 Method Fast Growth 250ml,DRTank,AquaCube_06_DR_Tank_Fertilizers_SHOPIFY_COLLECTIONS.csv,https://www.bing.com/images/search?q=DRTank+DR+Tank+E1+Method+Fast+Growth+250ml,
dr-tank-algae-lite-remover-250ml,DRTANKALGAE,DR Tank ALGAE lite Remover 250ml,DRTank,AquaCube_06_DR_Tank_Fertilizers_SHOPIFY_COLLECTIONS.csv,https://www.bing.com/images/search?q=DRTank+DR+Tank+ALGAE+lite+Remover+250ml,
dr-tank-planarian-remover-100ml,DRTANKPLAN,DR Tank Planarian Remover 100ml,DRTank,AquaCube_06_DR_Tank_Fertilizers_SHOPIFY_COLLECTIONS.csv,https://www.bing.com/images/search?q=DRTank+DR+Tank+Planarian+Remover+100ml,
dr-tank-snail-remover-100ml,DRTANKSNAIL,DR Tank Snail Remover 100ml,DRTank,AquaCube_06_DR_Tank_Fertilizers_SHOPIFY_COLLECTIONS.csv,https://www.bing.com/images/search?q=DRTank+DR+Tank+Snail+Remover+100ml,
dr-tank-bba-remover,DRTANKBBA,DR Tank BBA Remover,DRTank,AquaCube_06_DR_Tank_Fertilizers_SHOPIFY_COLLECTIONS.csv,https://www.bing.com/images/search?q=DRTank+DR+Tank+BBA+Remover,
dr-tank-staghorn-algae-remover,DRTANKSTAGHORN,DR Tank Staghorn Algae Remover,DRTank,AquaCube_06_DR_Tank_Fertilizers_SHOPIFY_COLLECTIONS.csv,https://www.bing.com/images/search?q=DRTank+DR+Tank+Staghorn+Algae+Remover,
dr-tank-cladophora-algae-remover,DRTANKCLADOPHORA,DR Tank Cladophora Algae Remover,DRTank,AquaCube_06_DR_Tank_Fertilizers_SHOPIFY_COLLECTIONS.csv,https://www.bing.com/images/search?q=DRTank+DR+Tank+Cladophora+Algae+Remover,
dr-tank-bga-remover,DRTANKBGA,DR Tank BGA Remover,DRTank,AquaCube_06_DR_Tank_Fertilizers_SHOPIFY_COLLECTIONS.csv,https://www.bing.com/images/search?q=DRTank+DR+Tank+BGA+Remover,
dr-tank-t1-biobacter-tabs,DRTANKT1,DR Tank T1 BioBacter Tabs,DRTank,AquaCube_06_DR_Tank_Fertilizers_SHOPIFY_COLLECTIONS.csv,https://www.bing.com/images/search?q=DRTank+DR+Tank+T1+BioBacter+Tabs,
dr-tank-t2-chlorfree-tabs,DRTANKT2,DR Tank T2 ChlorFree Tabs,DRTank,AquaCube_06_DR_Tank_Fertilizers_SHOPIFY_COLLECTIONS.csv,https://www.bing.com/images/search?q=DRTank+DR+Tank+T2+ChlorFree+Tabs,
dr-tank-t3-2-co2-fertilizer-tabs-100pcs,DRTANKT3,DR Tank T3-2 CO2 Fertilizer Tabs 100pcs,DRTank,AquaCube_06_DR_Tank_Fertilizers_SHOPIFY_COLLECTIONS.csv,https://www.bing.com/images/search?q=DRTank+DR+Tank+T3-2+CO2+Fertilizer+Tabs+100pcs,
dr-tank-t4-black-brush-algae-remover-tabs,DRTANKT4,DR Tank T4 Black Brush Algae Remover Tabs,DRTank,AquaCube_06_DR_Tank_Fertilizers_SHOPIFY_COLLECTIONS.csv,https://www.bing.com/images/search?q=DRTank+DR+Tank+T4+Black+Brush+Algae+Remover+Tabs,
dr-tank-t5-algae-remover-tabs,DRTANKT5,DR Tank T5 Algae Remover Tabs,DRTank,AquaCube_06_DR_Tank_Fertilizers_SHOPIFY_COLLECTIONS.csv,https://www.bing.com/images/search?q=DRTank+DR+Tank+T5+Algae+Remover+Tabs,
dr-tank-t6-crystal-water-tabs,DRTANKT6,DR Tank T6 Crystal Water Tabs,DRTank,AquaCube_06_DR_Tank_Fertilizers_SHOPIFY_COLLECTIONS.csv,https://www.bing.com/images/search?q=DRTank+DR+Tank+T6+Crystal+Water+Tabs,
dr-tank-t7-snail-remover-tabs,DRTANKT7,DR Tank T7 Snail Remover Tabs,DRTank,AquaCube_06_DR_Tank_Fertilizers_SHOPIFY_COLLECTIONS.csv,https://www.bing.com/images/search?q=DRTank+DR+Tank+T7+Snail+Remover+Tabs,
dr-tank-t8-blue-green-algae-zero-tabs,DRTANKT8,DR Tank T8 Blue Green Algae ZERO Tabs,DRTank,AquaCube_06_DR_Tank_Fertilizers_SHOPIFY_COLLECTIONS.csv,https://www.bing.com/images/search?q=DRTank+DR+Tank+T8+Blue+Green+Algae+ZERO+Tabs,
dr-tank-t9-planarian-zero-tabs,DRTANKT9,DR Tank T9 Planarian Zero Tabs,DRTank,AquaCube_06_DR_Tank_Fertilizers_SHOPIFY_COLLECTIONS.csv,https://www.bing.com/images/search?q=DRTank+DR+Tank+T9+Planarian+Zero+Tabs,
dr-tank-t12-white-spot-out-tabs,DRTANKT12,DR Tank T12 White Spot OUT Tabs,DRTank,AquaCube_06_DR_Tank_Fertilizers_SHOPIFY_COLLECTIONS.csv,https://www.bing.com/images/search?q=DRTank+DR+Tank+T12+White+Spot+OUT+Tabs,
dr-tank-t13-fish-waste-removal-tabs,DRTANKT13,DR Tank T13 Fish Waste Removal Tabs,DRTank,AquaCube_06_DR_Tank_Fertilizers_SHOPIFY_COLLECTIONS.csv,https://www.bing.com/images/search?q=DRTank+DR+Tank+T13+Fish+Waste+Removal+Tabs,
dr-tank-exg50-fast-growth-tabs,DRTANKEXG50,DR Tank EXG50 Fast Growth Tabs,DRTank,AquaCube_06_DR_Tank_Fertilizers_SHOPIFY_COLLECTIONS.csv,https://www.bing.com/images/search?q=DRTank+DR+Tank+EXG50+Fast+Growth+Tabs,
dr-tank-exv50-slower-growth-tabs,DRTANKEXV50,DR Tank EXV50 Slower Growth Tabs,DRTank,AquaCube_06_DR_Tank_Fertilizers_SHOPIFY_COLLECTIONS.csv,https://www.bing.com/images/search?q=DRTank+DR+Tank+EXV50+Slower+Growth+Tabs,
dr-tank-biobacteria-stick,DRTANKBIO,DR Tank BioBacteria Stick,DRTank,AquaCube_06_DR_Tank_Fertilizers_SHOPIFY_COLLECTIONS.csv,https://www.bing.com/images/search?q=DRTank+DR+Tank+BioBacteria+Stick,
dr-tank-sprout-stick,DRTANKSPROUT,DR Tank Sprout Stick,DRTank,AquaCube_06_DR_Tank_Fertilizers_SHOPIFY_COLLECTIONS.csv,https://www.bing.com/images/search?q=DRTank+DR+Tank+Sprout+Stick,
dr-tank-vivid-stick,DRTANKVIVID,DR Tank Vivid Stick,DRTank,AquaCube_06_DR_Tank_Fertilizers_SHOPIFY_COLLECTIONS.csv,https://www.bing.com/images/search?q=DRTank+DR+Tank+Vivid+Stick,
dr-tank-iron-stick,DRTANKIRON,DR Tank Iron Stick,DRTank,AquaCube_06_DR_Tank_Fertilizers_SHOPIFY_COLLECTIONS.csv,https://www.bing.com/images/search?q=DRTank+DR+Tank+Iron+Stick,
dr-tank-track-stick,DRTANKTRACK,DR Tank Track Stick,DRTank,AquaCube_06_DR_Tank_Fertilizers_SHOPIFY_COLLECTIONS.csv,https://www.bing.com/images/search?q=DRTank+DR+Tank+Track+Stick,
dr-tank-n-nitrogen-tabs,DRTANKN,Dr TANK N Nitrogen Tabs,DRTank,AquaCube_06_DR_Tank_Fertilizers_SHOPIFY_COLLECTIONS.csv,https://www.bing.com/images/search?q=DRTank+Dr+TANK+N+Nitrogen+Tabs,
voonline-vl071-special-detergent-200ml,VOONLINE071,Voonline VL071 Special Detergent 200ml,Voonline,AquaCube_07_Voonline_Crash_Accessories_SHOPIFY_COLLECTIONS.csv,https://www.bing.com/images/search?q=Voonline+VL071+Special+Detergent+200ml,
voonline-vl050-aquarium-landscaping-sand,VOONLINE050,Voonline VL050 Aquarium Landscaping Sand,Voonline,AquaCube_07_Voonline_Crash_Accessories_SHOPIFY_COLLECTIONS.csv,https://www.bing.com/images/search?q=Voonline+VL050+Aquarium+Landscaping+Sand,
voonline-vl051-aquarium-landscaping-sand,VOONLINE051,Voonline VL051 Aquarium Landscaping Sand,Voonline,AquaCube_07_Voonline_Crash_Accessories_SHOPIFY_COLLECTIONS.csv,https://www.bing.com/images/search?q=Voonline+VL051+Aquarium+Landscaping+Sand,
voonline-vl052-aquarium-landscaping-sand,VOONLINE052,Voonline VL052 Aquarium Landscaping Sand,Voonline,AquaCube_07_Voonline_Crash_Accessories_SHOPIFY_COLLECTIONS.csv,https://www.bing.com/images/search?q=Voonline+VL052+Aquarium+Landscaping+Sand,
voonline-vl053-aquarium-landscaping-rocks,VOONLINE053,Voonline VL053 Aquarium Landscaping Rocks,Voonline,AquaCube_07_Voonline_Crash_Accessories_SHOPIFY_COLLECTIONS.csv,https://www.bing.com/images/search?q=Voonline+VL053+Aquarium+Landscaping+Rocks,
voonline-vl054-aquarium-landscaping-sand,VOONLINE054,Voonline VL054 Aquarium Landscaping Sand,Voonline,AquaCube_07_Voonline_Crash_Accessories_SHOPIFY_COLLECTIONS.csv,https://www.bing.com/images/search?q=Voonline+VL054+Aquarium+Landscaping+Sand,
voonline-vl120-aquarium-landscaping-rocks,VOONLINE120,Voonline VL120 Aquarium Landscaping Rocks,Voonline,AquaCube_07_Voonline_Crash_Accessories_SHOPIFY_COLLECTIONS.csv,https://www.bing.com/images/search?q=Voonline+VL120+Aquarium+Landscaping+Rocks,
voonline-vl248-aquarium-landscaping-rocks,VOONLINE248,Voonline VL248 Aquarium Landscaping Rocks,Voonline,AquaCube_07_Voonline_Crash_Accessories_SHOPIFY_COLLECTIONS.csv,https://www.bing.com/images/search?q=Voonline+VL248+Aquarium+Landscaping+Rocks,
voonline-vl197-black-lava-rocks,VOONLINE197,Voonline VL197 Black Lava Rocks,Voonline,AquaCube_07_Voonline_Crash_Accessories_SHOPIFY_COLLECTIONS.csv,https://www.bing.com/images/search?q=Voonline+VL197+Black+Lava+Rocks,
voonline-vl198-red-lava-rocks,VOONLINE198,Voonline VL198 Red Lava Rocks,Voonline,AquaCube_07_Voonline_Crash_Accessories_SHOPIFY_COLLECTIONS.csv,https://www.bing.com/images/search?q=Voonline+VL198+Red+Lava+Rocks,
voonline-vl082-digital-thermometer-sticker,VOONLINE082,Voonline VL082 Digital Thermometer Sticker,Voonline,AquaCube_07_Voonline_Crash_Accessories_SHOPIFY_COLLECTIONS.csv,https://www.bing.com/images/search?q=Voonline+VL082+Digital+Thermometer+Sticker,
voonline-6in1-test-strips-50pcs,VOONLINE6IN1,Voonline 6in1 Test Strips 50pcs,Voonline,AquaCube_07_Voonline_Crash_Accessories_SHOPIFY_COLLECTIONS.csv,https://www.bing.com/images/search?q=Voonline+6in1+Test+Strips+50pcs,
voonline-vl030-black-cleaning-towel,VOONLINE030,Voonline VL030 Black Cleaning Towel,Voonline,AquaCube_07_Voonline_Crash_Accessories_SHOPIFY_COLLECTIONS.csv,https://www.bing.com/images/search?q=Voonline+VL030+Black+Cleaning+Towel,
voonline-vl101-aquarium-mat-40x40cm,VOONLINE101,Voonline VL101 Aquarium Mat 40x40cm,Voonline,AquaCube_07_Voonline_Crash_Accessories_SHOPIFY_COLLECTIONS.csv,https://www.bing.com/images/search?q=Voonline+VL101+Aquarium+Mat+40x40cm,
voonline-vl102-aquarium-mat-45x30cm,VOONLINE102,Voonline VL102 Aquarium Mat 45x30cm,Voonline,AquaCube_07_Voonline_Crash_Accessories_SHOPIFY_COLLECTIONS.csv,https://www.bing.com/images/search?q=Voonline+VL102+Aquarium+Mat+45x30cm,
voonline-vl104-aquarium-mat-60x30cm,VOONLINE104,Voonline VL104 Aquarium Mat 60x30cm,Voonline,AquaCube_07_Voonline_Crash_Accessories_SHOPIFY_COLLECTIONS.csv,https://www.bing.com/images/search?q=Voonline+VL104+Aquarium+Mat+60x30cm,
voonline-vl109-aquarium-mat-90x45cm,VOONLINE109,Voonline VL109 Aquarium Mat 90x45cm,Voonline,AquaCube_07_Voonline_Crash_Accessories_SHOPIFY_COLLECTIONS.csv,https://www.bing.com/images/search?q=Voonline+VL109+Aquarium+Mat+90x45cm,
voonline-vl112-aquarium-mat-120x45cm,VOONLINE112,Voonline VL112 Aquarium Mat 120x45cm,Voonline,AquaCube_07_Voonline_Crash_Accessories_SHOPIFY_COLLECTIONS.csv,https://www.bing.com/images/search?q=Voonline+VL112+Aquarium+Mat+120x45cm,
voonline-vl190-aquarium-anti-jump-net-small,VOONLINE190,Voonline VL190 Aquarium Anti-jump Net Small,Voonline,AquaCube_07_Voonline_Crash_Accessories_SHOPIFY_COLLECTIONS.csv,https://www.bing.com/images/search?q=Voonline+VL190+Aquarium+Anti-jump+Net+Small,
voonline-vl191-aquarium-anti-jump-net-medium,VOONLINE191,Voonline VL191 Aquarium Anti-jump Net Medium,Voonline,AquaCube_07_Voonline_Crash_Accessories_SHOPIFY_COLLECTIONS.csv,https://www.bing.com/images/search?q=Voonline+VL191+Aquarium+Anti-jump+Net+Medium,
voonline-vl192-aquarium-anti-jump-net-large,VOONLINE192,Voonline VL192 Aquarium Anti-jump Net Large,Voonline,AquaCube_07_Voonline_Crash_Accessories_SHOPIFY_COLLECTIONS.csv,https://www.bing.com/images/search?q=Voonline+VL192+Aquarium+Anti-jump+Net+Large,
voonline-vl256-aquarium-magnetic-anti-jump-net,VOONLINE256,Voonline VL256 Aquarium Magnetic Anti-jump Net,Voonline,AquaCube_07_Voonline_Crash_Accessories_SHOPIFY_COLLECTIONS.csv,https://www.bing.com/images/search?q=Voonline+VL256+Aquarium+Magnetic+Anti-jump+Net,
voonline-vl258-aquarium-magnetic-anti-jump-net,VOONLINE258,Voonline VL258 Aquarium Magnetic Anti-jump Net,Voonline,AquaCube_07_Voonline_Crash_Accessories_SHOPIFY_COLLECTIONS.csv,https://www.bing.com/images/search?q=Voonline+VL258+Aquarium+Magnetic+Anti-jump+Net,
voonline-vl188-mini-magnet-cleaner,VOONLINE188,Voonline VL188 Mini Magnet Cleaner,Voonline,AquaCube_07_Voonline_Crash_Accessories_SHOPIFY_COLLECTIONS.csv,https://www.bing.com/images/search?q=Voonline+VL188+Mini+Magnet+Cleaner,
voonline-3in1-algae-scraper-42mm,VOONLINE3IN1A,Voonline 3in1 Algae Scraper 42mm,Voonline,AquaCube_07_Voonline_Crash_Accessories_SHOPIFY_COLLECTIONS.csv,https://www.bing.com/images/search?q=Voonline+3in1+Algae+Scraper+42mm,
voonline-3in1-algae-scraper-62mm,VOONLINE3IN1B,Voonline 3in1 Algae Scraper 62mm,Voonline,AquaCube_07_Voonline_Crash_Accessories_SHOPIFY_COLLECTIONS.csv,https://www.bing.com/images/search?q=Voonline+3in1+Algae+Scraper+62mm,
crash-aquatic-seed-a-mini-cow-hair-grass,CRASHSEED001,Crash Aquatic Seed A Mini Cow Hair Grass,Crash,AquaCube_07_Voonline_Crash_Accessories_SHOPIFY_COLLECTIONS.csv,https://www.bing.com/images/search?q=Crash+Aquatic+Seed+A+Mini+Cow+Hair+Grass,
crash-aquatic-seed-b-mini-pairs-of-leaves,CRASHSEED002,Crash Aquatic Seed B Mini Pairs of Leaves,Crash,AquaCube_07_Voonline_Crash_Accessories_SHOPIFY_COLLECTIONS.csv,https://www.bing.com/images/search?q=Crash+Aquatic+Seed+B+Mini+Pairs+of+Leaves,
crash-aquatic-seed-c-round-leaves,CRASHSEED003,Crash Aquatic Seed C Round Leaves,Crash,AquaCube_07_Voonline_Crash_Accessories_SHOPIFY_COLLECTIONS.csv,https://www.bing.com/images/search?q=Crash+Aquatic+Seed+C+Round+Leaves,
crash-aquatic-seed-d-colored-leaves,CRASHSEED004,Crash Aquatic Seed D Colored Leaves,Crash,AquaCube_07_Voonline_Crash_Accessories_SHOPIFY_COLLECTIONS.csv,https://www.bing.com/images/search?q=Crash+Aquatic+Seed+D+Colored+Leaves,
crash-aquatic-seed-e-love-grass,CRASHSEED005,Crash Aquatic Seed E Love Grass,Crash,AquaCube_07_Voonline_Crash_Accessories_SHOPIFY_COLLECTIONS.csv,https://www.bing.com/images/search?q=Crash+Aquatic+Seed+E+Love+Grass,
freeze-dried-tubifex-worms-500ml,FROZEDBRINE,FREEZE DRIED TUBIFEX WORMS 500ml,Voonline,AquaCube_07_Voonline_Crash_Accessories_SHOPIFY_COLLECTIONS.csv,https://www.bing.com/images/search?q=Voonline+FREEZE+DRIED+TUBIFEX+WORMS+500ml,
voonline-freeze-dried-antarctic-krill,FROZEKRILL,Voonline Freeze Dried Antarctic Krill,Voonline,AquaCube_07_Voonline_Crash_Accessories_SHOPIFY_COLLECTIONS.csv,https://www.bing.com/images/search?q=Voonline+Freeze+Dried+Antarctic+Krill,
aquamaster-artemia-cysts-brine-shrimp-eggs-425g,ARTEMIA425G,Aquamaster Artemia Cysts Brine Shrimp Eggs 425g,Aquamaster,AquaCube_07_Voonline_Crash_Accessories_SHOPIFY_COLLECTIONS.csv,https://www.bing.com/images/search?q=Aquamaster+Artemia+Cysts+Brine+Shrimp+Eggs+425g,
